ISO-10303-21;
HEADER;
/* Generated by software containing ST-Developer
 * from STEP Tools, Inc. (www.steptools.com) 
 */

FILE_DESCRIPTION(
/* description */ (''),
/* implementation_level */ '2;1');

FILE_NAME(
/* name */ 'Nikon Knob.step',
/* time_stamp */ '2026-08-07T13:54:24-04:00',
/* author */ (''),
/* organization */ (''),
/* preprocessor_version */ 'ST-DEVELOPER v20.1',
/* originating_system */ 'Autodesk Translation Framework v15.8.0.0',
/* authorisation */ '');

FILE_SCHEMA (('AUTOMOTIVE_DESIGN { 1 0 10303 214 3 1 1 }'));
ENDSEC;

DATA;
#10=MECHANICAL_DESIGN_GEOMETRIC_PRESENTATION_REPRESENTATION('',(#13),#2692);
#11=SHAPE_REPRESENTATION_RELATIONSHIP('SRR','None',#2699,#12);
#12=ADVANCED_BREP_SHAPE_REPRESENTATION('',(#14),#2691);
#13=STYLED_ITEM('',(#2708),#14);
#14=MANIFOLD_SOLID_BREP('Body1',#1250);
#15=CONICAL_SURFACE('',#1324,8.75000013411045,0.785398163397448);
#16=CONICAL_SURFACE('',#1327,8.75000013411045,0.785398163397448);
#17=CONICAL_SURFACE('',#1330,8.75000013411045,0.785398163397448);
#18=CONICAL_SURFACE('',#1333,8.75000013411045,0.785398163397448);
#19=CONICAL_SURFACE('',#1336,8.75000013411045,0.785398163397448);
#20=CONICAL_SURFACE('',#1339,8.75000013411045,0.785398163397448);
#21=CONICAL_SURFACE('',#1342,8.75000013411045,0.785398163397448);
#22=CONICAL_SURFACE('',#1345,8.75000013411045,0.785398163397448);
#23=CONICAL_SURFACE('',#1348,8.75000013411045,0.785398163397448);
#24=CONICAL_SURFACE('',#1351,8.75000013411045,0.785398163397448);
#25=CONICAL_SURFACE('',#1354,8.75000013411045,0.785398163397448);
#26=CONICAL_SURFACE('',#1357,8.75000013411045,0.785398163397448);
#27=CONICAL_SURFACE('',#1360,8.75000013411045,0.785398163397448);
#28=CONICAL_SURFACE('',#1362,8.75000013411045,0.785398163397448);
#29=CONICAL_SURFACE('',#1364,8.75000013411045,0.785398163397448);
#30=CONICAL_SURFACE('',#1367,8.75000013411045,0.785398163397448);
#31=CONICAL_SURFACE('',#1370,8.75000013411045,0.785398163397448);
#32=CONICAL_SURFACE('',#1373,8.75000013411045,0.785398163397448);
#33=CONICAL_SURFACE('',#1376,8.75000013411045,0.785398163397448);
#34=CONICAL_SURFACE('',#1379,8.75000013411045,0.785398163397448);
#35=CONICAL_SURFACE('',#1382,8.75000013411045,0.785398163397448);
#36=CONICAL_SURFACE('',#1427,8.75000013411045,0.785398163397448);
#37=FACE_BOUND('',#120,.T.);
#38=FACE_BOUND('',#124,.T.);
#39=FACE_BOUND('',#192,.T.);
#40=PLANE('',#1266);
#41=PLANE('',#1276);
#42=PLANE('',#1426);
#43=PLANE('',#1429);
#44=FACE_OUTER_BOUND('',#118,.T.);
#45=FACE_OUTER_BOUND('',#119,.T.);
#46=FACE_OUTER_BOUND('',#121,.T.);
#47=FACE_OUTER_BOUND('',#122,.T.);
#48=FACE_OUTER_BOUND('',#123,.T.);
#49=FACE_OUTER_BOUND('',#125,.T.);
#50=FACE_OUTER_BOUND('',#126,.T.);
#51=FACE_OUTER_BOUND('',#127,.T.);
#52=FACE_OUTER_BOUND('',#128,.T.);
#53=FACE_OUTER_BOUND('',#129,.T.);
#54=FACE_OUTER_BOUND('',#130,.T.);
#55=FACE_OUTER_BOUND('',#131,.T.);
#56=FACE_OUTER_BOUND('',#132,.T.);
#57=FACE_OUTER_BOUND('',#133,.T.);
#58=FACE_OUTER_BOUND('',#134,.T.);
#59=FACE_OUTER_BOUND('',#135,.T.);
#60=FACE_OUTER_BOUND('',#136,.T.);
#61=FACE_OUTER_BOUND('',#137,.T.);
#62=FACE_OUTER_BOUND('',#138,.T.);
#63=FACE_OUTER_BOUND('',#139,.T.);
#64=FACE_OUTER_BOUND('',#140,.T.);
#65=FACE_OUTER_BOUND('',#141,.T.);
#66=FACE_OUTER_BOUND('',#142,.T.);
#67=FACE_OUTER_BOUND('',#143,.T.);
#68=FACE_OUTER_BOUND('',#144,.T.);
#69=FACE_OUTER_BOUND('',#145,.T.);
#70=FACE_OUTER_BOUND('',#146,.T.);
#71=FACE_OUTER_BOUND('',#147,.T.);
#72=FACE_OUTER_BOUND('',#148,.T.);
#73=FACE_OUTER_BOUND('',#149,.T.);
#74=FACE_OUTER_BOUND('',#150,.T.);
#75=FACE_OUTER_BOUND('',#151,.T.);
#76=FACE_OUTER_BOUND('',#152,.T.);
#77=FACE_OUTER_BOUND('',#153,.T.);
#78=FACE_OUTER_BOUND('',#154,.T.);
#79=FACE_OUTER_BOUND('',#155,.T.);
#80=FACE_OUTER_BOUND('',#156,.T.);
#81=FACE_OUTER_BOUND('',#157,.T.);
#82=FACE_OUTER_BOUND('',#158,.T.);
#83=FACE_OUTER_BOUND('',#159,.T.);
#84=FACE_OUTER_BOUND('',#160,.T.);
#85=FACE_OUTER_BOUND('',#161,.T.);
#86=FACE_OUTER_BOUND('',#162,.T.);
#87=FACE_OUTER_BOUND('',#163,.T.);
#88=FACE_OUTER_BOUND('',#164,.T.);
#89=FACE_OUTER_BOUND('',#165,.T.);
#90=FACE_OUTER_BOUND('',#166,.T.);
#91=FACE_OUTER_BOUND('',#167,.T.);
#92=FACE_OUTER_BOUND('',#168,.T.);
#93=FACE_OUTER_BOUND('',#169,.T.);
#94=FACE_OUTER_BOUND('',#170,.T.);
#95=FACE_OUTER_BOUND('',#171,.T.);
#96=FACE_OUTER_BOUND('',#172,.T.);
#97=FACE_OUTER_BOUND('',#173,.T.);
#98=FACE_OUTER_BOUND('',#174,.T.);
#99=FACE_OUTER_BOUND('',#175,.T.);
#100=FACE_OUTER_BOUND('',#176,.T.);
#101=FACE_OUTER_BOUND('',#177,.T.);
#102=FACE_OUTER_BOUND('',#178,.T.);
#103=FACE_OUTER_BOUND('',#179,.T.);
#104=FACE_OUTER_BOUND('',#180,.T.);
#105=FACE_OUTER_BOUND('',#181,.T.);
#106=FACE_OUTER_BOUND('',#182,.T.);
#107=FACE_OUTER_BOUND('',#183,.T.);
#108=FACE_OUTER_BOUND('',#184,.T.);
#109=FACE_OUTER_BOUND('',#185,.T.);
#110=FACE_OUTER_BOUND('',#186,.T.);
#111=FACE_OUTER_BOUND('',#187,.T.);
#112=FACE_OUTER_BOUND('',#188,.T.);
#113=FACE_OUTER_BOUND('',#189,.T.);
#114=FACE_OUTER_BOUND('',#190,.T.);
#115=FACE_OUTER_BOUND('',#191,.T.);
#116=FACE_OUTER_BOUND('',#193,.T.);
#117=FACE_OUTER_BOUND('',#194,.T.);
#118=EDGE_LOOP('',(#746,#747,#748,#749,#750,#751,#752,#753));
#119=EDGE_LOOP('',(#754));
#120=EDGE_LOOP('',(#755));
#121=EDGE_LOOP('',(#756,#757,#758,#759,#760,#761,#762));
#122=EDGE_LOOP('',(#763,#764,#765,#766));
#123=EDGE_LOOP('',(#767,#768,#769,#770));
#124=EDGE_LOOP('',(#771));
#125=EDGE_LOOP('',(#772));
#126=EDGE_LOOP('',(#773,#774,#775,#776));
#127=EDGE_LOOP('',(#777,#778,#779,#780,#781,#782));
#128=EDGE_LOOP('',(#783,#784,#785,#786,#787));
#129=EDGE_LOOP('',(#788,#789,#790,#791,#792));
#130=EDGE_LOOP('',(#793,#794,#795,#796,#797));
#131=EDGE_LOOP('',(#798,#799,#800,#801,#802));
#132=EDGE_LOOP('',(#803,#804,#805,#806,#807));
#133=EDGE_LOOP('',(#808,#809,#810,#811,#812));
#134=EDGE_LOOP('',(#813,#814,#815,#816,#817));
#135=EDGE_LOOP('',(#818,#819,#820,#821,#822));
#136=EDGE_LOOP('',(#823,#824,#825,#826,#827));
#137=EDGE_LOOP('',(#828,#829,#830,#831,#832));
#138=EDGE_LOOP('',(#833,#834,#835,#836,#837));
#139=EDGE_LOOP('',(#838,#839,#840,#841,#842));
#140=EDGE_LOOP('',(#843,#844,#845,#846,#847));
#141=EDGE_LOOP('',(#848,#849,#850,#851,#852));
#142=EDGE_LOOP('',(#853,#854,#855,#856,#857));
#143=EDGE_LOOP('',(#858,#859,#860,#861,#862));
#144=EDGE_LOOP('',(#863,#864,#865,#866,#867));
#145=EDGE_LOOP('',(#868,#869,#870,#871,#872));
#146=EDGE_LOOP('',(#873,#874,#875,#876,#877));
#147=EDGE_LOOP('',(#878,#879,#880,#881,#882));
#148=EDGE_LOOP('',(#883,#884,#885,#886,#887));
#149=EDGE_LOOP('',(#888,#889,#890,#891,#892));
#150=EDGE_LOOP('',(#893,#894,#895,#896));
#151=EDGE_LOOP('',(#897,#898,#899,#900));
#152=EDGE_LOOP('',(#901,#902,#903,#904));
#153=EDGE_LOOP('',(#905,#906,#907,#908));
#154=EDGE_LOOP('',(#909,#910,#911,#912));
#155=EDGE_LOOP('',(#913,#914,#915,#916));
#156=EDGE_LOOP('',(#917,#918,#919,#920));
#157=EDGE_LOOP('',(#921,#922,#923,#924));
#158=EDGE_LOOP('',(#925,#926,#927,#928));
#159=EDGE_LOOP('',(#929,#930,#931,#932));
#160=EDGE_LOOP('',(#933,#934,#935,#936));
#161=EDGE_LOOP('',(#937,#938,#939,#940));
#162=EDGE_LOOP('',(#941,#942,#943,#944));
#163=EDGE_LOOP('',(#945,#946,#947,#948));
#164=EDGE_LOOP('',(#949,#950,#951,#952));
#165=EDGE_LOOP('',(#953,#954,#955,#956));
#166=EDGE_LOOP('',(#957,#958,#959,#960));
#167=EDGE_LOOP('',(#961,#962,#963,#964));
#168=EDGE_LOOP('',(#965,#966,#967,#968));
#169=EDGE_LOOP('',(#969,#970,#971,#972));
#170=EDGE_LOOP('',(#973,#974,#975,#976));
#171=EDGE_LOOP('',(#977,#978,#979,#980));
#172=EDGE_LOOP('',(#981,#982,#983,#984));
#173=EDGE_LOOP('',(#985,#986,#987,#988));
#174=EDGE_LOOP('',(#989,#990,#991,#992));
#175=EDGE_LOOP('',(#993,#994,#995,#996));
#176=EDGE_LOOP('',(#997,#998,#999,#1000));
#177=EDGE_LOOP('',(#1001,#1002,#1003,#1004));
#178=EDGE_LOOP('',(#1005,#1006,#1007,#1008));
#179=EDGE_LOOP('',(#1009,#1010,#1011,#1012));
#180=EDGE_LOOP('',(#1013,#1014,#1015,#1016));
#181=EDGE_LOOP('',(#1017,#1018,#1019,#1020));
#182=EDGE_LOOP('',(#1021,#1022,#1023,#1024));
#183=EDGE_LOOP('',(#1025,#1026,#1027,#1028));
#184=EDGE_LOOP('',(#1029,#1030,#1031,#1032));
#185=EDGE_LOOP('',(#1033,#1034,#1035,#1036));
#186=EDGE_LOOP('',(#1037,#1038,#1039,#1040));
#187=EDGE_LOOP('',(#1041,#1042,#1043,#1044));
#188=EDGE_LOOP('',(#1045,#1046,#1047,#1048));
#189=EDGE_LOOP('',(#1049,#1050,#1051,#1052));
#190=EDGE_LOOP('',(#1053,#1054,#1055,#1056));
#191=EDGE_LOOP('',(#1057,#1058,#1059,#1060,#1061,#1062,#1063,#1064,#1065,
#1066,#1067,#1068,#1069,#1070,#1071,#1072,#1073,#1074,#1075,#1076,#1077,
#1078,#1079,#1080,#1081,#1082,#1083,#1084,#1085,#1086,#1087,#1088,#1089,
#1090,#1091,#1092,#1093,#1094,#1095,#1096,#1097,#1098,#1099,#1100));
#192=EDGE_LOOP('',(#1101));
#193=EDGE_LOOP('',(#1102,#1103,#1104,#1105));
#194=EDGE_LOOP('',(#1106,#1107,#1108,#1109,#1110,#1111,#1112,#1113,#1114,
#1115,#1116,#1117,#1118,#1119,#1120,#1121,#1122,#1123,#1124,#1125,#1126,
#1127));
#195=B_SPLINE_CURVE_WITH_KNOTS('',3,(#1820,#1821,#1822,#1823,#1824,#1825,
#1826,#1827),.UNSPECIFIED.,.F.,.F.,(4,2,2,4),(-0.0765623722781756,-0.0754043974216639,
-0.0377021987108319,0.),.UNSPECIFIED.);
#196=B_SPLINE_CURVE_WITH_KNOTS('',3,(#1829,#1830,#1831,#1832,#1833,#1834,
#1835,#1836,#1837,#1838,#1839,#1840,#1841,#1842,#1843,#1844,#1845,#1846),
 .UNSPECIFIED.,.F.,.F.,(4,2,2,2,2,2,2,2,4),(0.0284543200058837,0.0302033015236312,
0.0604066030472624,0.089966939362809,0.119527275678356,0.149130069218306,
0.178732862758256,0.208963778748682,0.210680681681716),.UNSPECIFIED.);
#197=B_SPLINE_CURVE_WITH_KNOTS('',3,(#1848,#1849,#1850,#1851,#1852,#1853,
#1854,#1855,#1856,#1857,#1858,#1859,#1860,#1861),.UNSPECIFIED.,.F.,.F.,
(4,2,2,2,2,2,4),(0.224524807746777,0.226212408161626,0.263914606872458,
0.30161680558329,0.339319004294122,0.377021203004954,0.378708803419804),
 .UNSPECIFIED.);
#198=B_SPLINE_CURVE_WITH_KNOTS('',3,(#1863,#1864,#1865,#1866,#1867,#1868,
#1869,#1870,#1871,#1872,#1873,#1874,#1875,#1876,#1877,#1878,#1879,#1880),
 .UNSPECIFIED.,.F.,.F.,(4,2,2,2,2,2,2,2,4),(0.2677087077965,0.269425610729534,
0.299656526719959,0.32925932025991,0.35886211379986,0.388422450115407,0.417982786430953,
0.448186087954585,0.449935069472332),.UNSPECIFIED.);
#199=B_SPLINE_CURVE_WITH_KNOTS('',3,(#1881,#1882,#1883,#1884,#1885,#1886,
#1887,#1888),.UNSPECIFIED.,.F.,.F.,(4,2,2,4),(0.,0.037702198710832,0.0754043974216639,
0.0765623722782453),.UNSPECIFIED.);
#200=B_SPLINE_CURVE_WITH_KNOTS('',3,(#1913,#1914,#1915,#1916,#1917,#1918,
#1919,#1920,#1921,#1922,#1923,#1924,#1925,#1926,#1927,#1928,#1929,#1930,
#1931,#1932,#1933,#1934,#1935,#1936,#1937,#1938,#1939,#1940,#1941,#1942,
#1943,#1944,#1945,#1946),.UNSPECIFIED.,.T.,.F.,(4,2,2,2,2,2,2,2,2,2,2,2,
2,2,2,2,4),(0.,0.0288686400661105,0.057737280132221,0.086527222881676,0.115317165631131,
0.144107108380586,0.172897051130041,0.201765691196151,0.230634331262262,
0.259502971328372,0.288371611394483,0.317161554143938,0.345951496893393,
0.374741439642848,0.403531382392303,0.432400022458413,0.461268662524524),
 .UNSPECIFIED.);
#201=B_SPLINE_CURVE_WITH_KNOTS('',3,(#1960,#1961,#1962,#1963,#1964,#1965,
#1966,#1967,#1968,#1969),.UNSPECIFIED.,.F.,.F.,(4,2,2,2,4),(0.130556788427215,
0.156909605224057,0.1832624220209,0.222187999437665,0.231194871475961),
 .UNSPECIFIED.);
#202=B_SPLINE_CURVE_WITH_KNOTS('',3,(#1970,#1971,#1972,#1973,#1974,#1975,
#1976,#1977,#1978,#1979),.UNSPECIFIED.,.F.,.F.,(4,2,2,2,4),(0.0299187053784689,
0.0389255774167652,0.0778511548335304,0.104203971630373,0.130556788427215),
 .UNSPECIFIED.);
#203=B_SPLINE_CURVE_WITH_KNOTS('',3,(#1983,#1984,#1985,#1986,#1987,#1988,
#1989,#1990,#1991,#1992),.UNSPECIFIED.,.F.,.F.,(4,2,2,2,4),(0.130556788427215,
0.156909605224057,0.183262422020899,0.222187999437665,0.231194871475961),
 .UNSPECIFIED.);
#204=B_SPLINE_CURVE_WITH_KNOTS('',3,(#1994,#1995,#1996,#1997,#1998,#1999,
#2000,#2001,#2002,#2003),.UNSPECIFIED.,.F.,.F.,(4,2,2,2,4),(0.0299187053784692,
0.0389255774167652,0.0778511548335303,0.104203971630373,0.130556788427215),
 .UNSPECIFIED.);
#205=B_SPLINE_CURVE_WITH_KNOTS('',3,(#2012,#2013,#2014,#2015,#2016,#2017,
#2018,#2019,#2020,#2021),.UNSPECIFIED.,.F.,.F.,(4,2,2,2,4),(0.130556788427215,
0.156909605224058,0.1832624220209,0.222187999437665,0.231194871475962),
 .UNSPECIFIED.);
#206=B_SPLINE_CURVE_WITH_KNOTS('',3,(#2023,#2024,#2025,#2026,#2027,#2028,
#2029,#2030,#2031,#2032),.UNSPECIFIED.,.F.,.F.,(4,2,2,2,4),(0.0299187053784681,
0.0389255774167653,0.0778511548335306,0.104203971630373,0.130556788427215),
 .UNSPECIFIED.);
#207=B_SPLINE_CURVE_WITH_KNOTS('',3,(#2041,#2042,#2043,#2044,#2045,#2046,
#2047,#2048,#2049,#2050),.UNSPECIFIED.,.F.,.F.,(4,2,2,2,4),(0.130556788427215,
0.156909605224057,0.1832624220209,0.222187999437665,0.231194871475961),
 .UNSPECIFIED.);
#208=B_SPLINE_CURVE_WITH_KNOTS('',3,(#2052,#2053,#2054,#2055,#2056,#2057,
#2058,#2059,#2060,#2061),.UNSPECIFIED.,.F.,.F.,(4,2,2,2,4),(0.0299187053784689,
0.0389255774167652,0.0778511548335304,0.104203971630373,0.130556788427215),
 .UNSPECIFIED.);
#209=B_SPLINE_CURVE_WITH_KNOTS('',3,(#2070,#2071,#2072,#2073,#2074,#2075,
#2076,#2077,#2078,#2079),.UNSPECIFIED.,.F.,.F.,(4,2,2,2,4),(0.130556788427215,
0.156909605224057,0.1832624220209,0.222187999437665,0.231194871475961),
 .UNSPECIFIED.);
#210=B_SPLINE_CURVE_WITH_KNOTS('',3,(#2081,#2082,#2083,#2084,#2085,#2086,
#2087,#2088,#2089,#2090),.UNSPECIFIED.,.F.,.F.,(4,2,2,2,4),(0.029918705378469,
0.0389255774167653,0.0778511548335305,0.104203971630373,0.130556788427215),
 .UNSPECIFIED.);
#211=B_SPLINE_CURVE_WITH_KNOTS('',3,(#2099,#2100,#2101,#2102,#2103,#2104,
#2105,#2106,#2107,#2108),.UNSPECIFIED.,.F.,.F.,(4,2,2,2,4),(0.130556788427215,
0.156909605224058,0.1832624220209,0.222187999437665,0.231194871475961),
 .UNSPECIFIED.);
#212=B_SPLINE_CURVE_WITH_KNOTS('',3,(#2110,#2111,#2112,#2113,#2114,#2115,
#2116,#2117,#2118,#2119),.UNSPECIFIED.,.F.,.F.,(4,2,2,2,4),(0.0299187053784691,
0.0389255774167652,0.0778511548335304,0.104203971630373,0.130556788427215),
 .UNSPECIFIED.);
#213=B_SPLINE_CURVE_WITH_KNOTS('',3,(#2128,#2129,#2130,#2131,#2132,#2133,
#2134,#2135,#2136,#2137),.UNSPECIFIED.,.F.,.F.,(4,2,2,2,4),(0.130556788427215,
0.156909605224057,0.1832624220209,0.222187999437665,0.231194871475961),
 .UNSPECIFIED.);
#214=B_SPLINE_CURVE_WITH_KNOTS('',3,(#2139,#2140,#2141,#2142,#2143,#2144,
#2145,#2146,#2147,#2148),.UNSPECIFIED.,.F.,.F.,(4,2,2,2,4),(0.0299187053784689,
0.0389255774167652,0.0778511548335304,0.104203971630373,0.130556788427215),
 .UNSPECIFIED.);
#215=B_SPLINE_CURVE_WITH_KNOTS('',3,(#2157,#2158,#2159,#2160,#2161,#2162,
#2163,#2164,#2165,#2166),.UNSPECIFIED.,.F.,.F.,(4,2,2,2,4),(0.130556788427215,
0.156909605224057,0.1832624220209,0.222187999437665,0.231194871475961),
 .UNSPECIFIED.);
#216=B_SPLINE_CURVE_WITH_KNOTS('',3,(#2168,#2169,#2170,#2171,#2172,#2173,
#2174,#2175,#2176,#2177),.UNSPECIFIED.,.F.,.F.,(4,2,2,2,4),(0.029918705378469,
0.0389255774167652,0.0778511548335304,0.104203971630373,0.130556788427215),
 .UNSPECIFIED.);
#217=B_SPLINE_CURVE_WITH_KNOTS('',3,(#2186,#2187,#2188,#2189,#2190,#2191,
#2192,#2193,#2194,#2195),.UNSPECIFIED.,.F.,.F.,(4,2,2,2,4),(0.130556788427215,
0.156909605224058,0.1832624220209,0.222187999437665,0.231194871475961),
 .UNSPECIFIED.);
#218=B_SPLINE_CURVE_WITH_KNOTS('',3,(#2197,#2198,#2199,#2200,#2201,#2202,
#2203,#2204,#2205,#2206),.UNSPECIFIED.,.F.,.F.,(4,2,2,2,4),(0.0299187053784692,
0.0389255774167653,0.0778511548335305,0.104203971630373,0.130556788427215),
 .UNSPECIFIED.);
#219=B_SPLINE_CURVE_WITH_KNOTS('',3,(#2215,#2216,#2217,#2218,#2219,#2220,
#2221,#2222,#2223,#2224),.UNSPECIFIED.,.F.,.F.,(4,2,2,2,4),(0.130556788427215,
0.156909605224057,0.1832624220209,0.222187999437665,0.231194871475961),
 .UNSPECIFIED.);
#220=B_SPLINE_CURVE_WITH_KNOTS('',3,(#2226,#2227,#2228,#2229,#2230,#2231,
#2232,#2233,#2234,#2235),.UNSPECIFIED.,.F.,.F.,(4,2,2,2,4),(0.0299187053784689,
0.0389255774167651,0.0778511548335303,0.104203971630373,0.130556788427215),
 .UNSPECIFIED.);
#221=B_SPLINE_CURVE_WITH_KNOTS('',3,(#2244,#2245,#2246,#2247,#2248,#2249,
#2250,#2251,#2252,#2253),.UNSPECIFIED.,.F.,.F.,(4,2,2,2,4),(0.130556788427215,
0.156909605224057,0.183262422020899,0.222187999437665,0.231194871475961),
 .UNSPECIFIED.);
#222=B_SPLINE_CURVE_WITH_KNOTS('',3,(#2255,#2256,#2257,#2258,#2259,#2260,
#2261,#2262,#2263,#2264),.UNSPECIFIED.,.F.,.F.,(4,2,2,2,4),(0.0299187053784689,
0.0389255774167651,0.0778511548335302,0.104203971630373,0.130556788427215),
 .UNSPECIFIED.);
#223=B_SPLINE_CURVE_WITH_KNOTS('',3,(#2273,#2274,#2275,#2276,#2277,#2278,
#2279,#2280,#2281,#2282),.UNSPECIFIED.,.F.,.F.,(4,2,2,2,4),(0.130556788427215,
0.156909605224057,0.1832624220209,0.222187999437665,0.231194871475961),
 .UNSPECIFIED.);
#224=B_SPLINE_CURVE_WITH_KNOTS('',3,(#2284,#2285,#2286,#2287,#2288,#2289,
#2290,#2291,#2292,#2293),.UNSPECIFIED.,.F.,.F.,(4,2,2,2,4),(0.0299187053784693,
0.0389255774167653,0.0778511548335306,0.104203971630373,0.130556788427215),
 .UNSPECIFIED.);
#225=B_SPLINE_CURVE_WITH_KNOTS('',3,(#2302,#2303,#2304,#2305,#2306,#2307,
#2308,#2309,#2310,#2311),.UNSPECIFIED.,.F.,.F.,(4,2,2,2,4),(0.130556788427215,
0.156909605224057,0.1832624220209,0.222187999437665,0.231194871475961),
 .UNSPECIFIED.);
#226=B_SPLINE_CURVE_WITH_KNOTS('',3,(#2313,#2314,#2315,#2316,#2317,#2318,
#2319,#2320,#2321,#2322),.UNSPECIFIED.,.F.,.F.,(4,2,2,2,4),(0.0299187053784686,
0.0389255774167652,0.0778511548335304,0.104203971630373,0.130556788427215),
 .UNSPECIFIED.);
#227=B_SPLINE_CURVE_WITH_KNOTS('',3,(#2331,#2332,#2333,#2334,#2335,#2336,
#2337,#2338,#2339,#2340),.UNSPECIFIED.,.F.,.F.,(4,2,2,2,4),(0.130556788427215,
0.156909605224058,0.1832624220209,0.222187999437665,0.231194871475962),
 .UNSPECIFIED.);
#228=B_SPLINE_CURVE_WITH_KNOTS('',3,(#2342,#2343,#2344,#2345,#2346,#2347,
#2348,#2349,#2350,#2351),.UNSPECIFIED.,.F.,.F.,(4,2,2,2,4),(0.0299187053784688,
0.0389255774167652,0.0778511548335303,0.104203971630373,0.130556788427215),
 .UNSPECIFIED.);
#229=B_SPLINE_CURVE_WITH_KNOTS('',3,(#2360,#2361,#2362,#2363,#2364,#2365,
#2366,#2367,#2368,#2369),.UNSPECIFIED.,.F.,.F.,(4,2,2,2,4),(0.130556788427215,
0.156909605224057,0.1832624220209,0.222187999437665,0.231194871475961),
 .UNSPECIFIED.);
#230=B_SPLINE_CURVE_WITH_KNOTS('',3,(#2371,#2372,#2373,#2374,#2375,#2376,
#2377,#2378,#2379,#2380),.UNSPECIFIED.,.F.,.F.,(4,2,2,2,4),(0.0299187053784688,
0.0389255774167651,0.0778511548335303,0.104203971630373,0.130556788427215),
 .UNSPECIFIED.);
#231=B_SPLINE_CURVE_WITH_KNOTS('',3,(#2389,#2390,#2391,#2392,#2393,#2394,
#2395,#2396,#2397,#2398),.UNSPECIFIED.,.F.,.F.,(4,2,2,2,4),(0.130556788427215,
0.156909605224057,0.1832624220209,0.222187999437665,0.231194871475961),
 .UNSPECIFIED.);
#232=B_SPLINE_CURVE_WITH_KNOTS('',3,(#2400,#2401,#2402,#2403,#2404,#2405,
#2406,#2407,#2408,#2409),.UNSPECIFIED.,.F.,.F.,(4,2,2,2,4),(0.0299187053784688,
0.0389255774167651,0.0778511548335302,0.104203971630373,0.130556788427215),
 .UNSPECIFIED.);
#233=B_SPLINE_CURVE_WITH_KNOTS('',3,(#2418,#2419,#2420,#2421,#2422,#2423,
#2424,#2425,#2426,#2427),.UNSPECIFIED.,.F.,.F.,(4,2,2,2,4),(0.130556788427215,
0.156909605224058,0.1832624220209,0.222187999437665,0.231194871475962),
 .UNSPECIFIED.);
#234=B_SPLINE_CURVE_WITH_KNOTS('',3,(#2428,#2429,#2430,#2431,#2432,#2433,
#2434,#2435,#2436,#2437),.UNSPECIFIED.,.F.,.F.,(4,2,2,2,4),(0.0299187053784689,
0.0389255774167653,0.0778511548335305,0.104203971630373,0.130556788427215),
 .UNSPECIFIED.);
#235=B_SPLINE_CURVE_WITH_KNOTS('',3,(#2444,#2445,#2446,#2447,#2448,#2449,
#2450,#2451,#2452,#2453),.UNSPECIFIED.,.F.,.F.,(4,2,2,2,4),(0.130556788427215,
0.156909605224057,0.1832624220209,0.222187999437665,0.231194871475961),
 .UNSPECIFIED.);
#236=B_SPLINE_CURVE_WITH_KNOTS('',3,(#2455,#2456,#2457,#2458,#2459,#2460,
#2461,#2462,#2463,#2464),.UNSPECIFIED.,.F.,.F.,(4,2,2,2,4),(0.0299187053784689,
0.0389255774167652,0.0778511548335304,0.104203971630373,0.130556788427215),
 .UNSPECIFIED.);
#237=B_SPLINE_CURVE_WITH_KNOTS('',3,(#2473,#2474,#2475,#2476,#2477,#2478,
#2479,#2480,#2481,#2482),.UNSPECIFIED.,.F.,.F.,(4,2,2,2,4),(0.130556788427215,
0.156909605224057,0.1832624220209,0.222187999437665,0.231194871475961),
 .UNSPECIFIED.);
#238=B_SPLINE_CURVE_WITH_KNOTS('',3,(#2484,#2485,#2486,#2487,#2488,#2489,
#2490,#2491,#2492,#2493),.UNSPECIFIED.,.F.,.F.,(4,2,2,2,4),(0.0299187053784687,
0.0389255774167651,0.0778511548335302,0.104203971630373,0.130556788427215),
 .UNSPECIFIED.);
#239=B_SPLINE_CURVE_WITH_KNOTS('',3,(#2502,#2503,#2504,#2505,#2506,#2507,
#2508,#2509,#2510,#2511),.UNSPECIFIED.,.F.,.F.,(4,2,2,2,4),(0.130556788427215,
0.156909605224057,0.1832624220209,0.222187999437665,0.231194871475962),
 .UNSPECIFIED.);
#240=B_SPLINE_CURVE_WITH_KNOTS('',3,(#2513,#2514,#2515,#2516,#2517,#2518,
#2519,#2520,#2521,#2522),.UNSPECIFIED.,.F.,.F.,(4,2,2,2,4),(0.0299187053784684,
0.0389255774167652,0.0778511548335303,0.104203971630373,0.130556788427215),
 .UNSPECIFIED.);
#241=B_SPLINE_CURVE_WITH_KNOTS('',3,(#2531,#2532,#2533,#2534,#2535,#2536,
#2537,#2538,#2539,#2540),.UNSPECIFIED.,.F.,.F.,(4,2,2,2,4),(0.130556788427215,
0.156909605224057,0.1832624220209,0.222187999437665,0.231194871475961),
 .UNSPECIFIED.);
#242=B_SPLINE_CURVE_WITH_KNOTS('',3,(#2542,#2543,#2544,#2545,#2546,#2547,
#2548,#2549,#2550,#2551),.UNSPECIFIED.,.F.,.F.,(4,2,2,2,4),(0.029918705378469,
0.0389255774167651,0.0778511548335303,0.104203971630373,0.130556788427215),
 .UNSPECIFIED.);
#243=B_SPLINE_CURVE_WITH_KNOTS('',3,(#2559,#2560,#2561,#2562,#2563,#2564,
#2565,#2566,#2567,#2568),.UNSPECIFIED.,.F.,.F.,(4,2,2,2,4),(0.130556788427215,
0.156909605224058,0.1832624220209,0.222187999437665,0.231194871475961),
 .UNSPECIFIED.);
#244=B_SPLINE_CURVE_WITH_KNOTS('',3,(#2570,#2571,#2572,#2573,#2574,#2575,
#2576,#2577,#2578,#2579),.UNSPECIFIED.,.F.,.F.,(4,2,2,2,4),(0.0299187053784692,
0.0389255774167651,0.0778511548335303,0.104203971630373,0.130556788427215),
 .UNSPECIFIED.);
#245=LINE('',#1818,#294);
#246=LINE('',#1894,#295);
#247=LINE('',#1898,#296);
#248=LINE('',#1901,#297);
#249=LINE('',#1904,#298);
#250=LINE('',#1910,#299);
#251=LINE('',#1949,#300);
#252=LINE('',#1952,#301);
#253=LINE('',#1956,#302);
#254=LINE('',#2005,#303);
#255=LINE('',#2008,#304);
#256=LINE('',#2034,#305);
#257=LINE('',#2037,#306);
#258=LINE('',#2063,#307);
#259=LINE('',#2066,#308);
#260=LINE('',#2092,#309);
#261=LINE('',#2095,#310);
#262=LINE('',#2121,#311);
#263=LINE('',#2124,#312);
#264=LINE('',#2150,#313);
#265=LINE('',#2153,#314);
#266=LINE('',#2179,#315);
#267=LINE('',#2182,#316);
#268=LINE('',#2208,#317);
#269=LINE('',#2211,#318);
#270=LINE('',#2237,#319);
#271=LINE('',#2240,#320);
#272=LINE('',#2266,#321);
#273=LINE('',#2269,#322);
#274=LINE('',#2295,#323);
#275=LINE('',#2298,#324);
#276=LINE('',#2324,#325);
#277=LINE('',#2327,#326);
#278=LINE('',#2353,#327);
#279=LINE('',#2356,#328);
#280=LINE('',#2382,#329);
#281=LINE('',#2385,#330);
#282=LINE('',#2411,#331);
#283=LINE('',#2414,#332);
#284=LINE('',#2440,#333);
#285=LINE('',#2466,#334);
#286=LINE('',#2469,#335);
#287=LINE('',#2495,#336);
#288=LINE('',#2498,#337);
#289=LINE('',#2524,#338);
#290=LINE('',#2527,#339);
#291=LINE('',#2553,#340);
#292=LINE('',#2556,#341);
#293=LINE('',#2581,#342);
#294=VECTOR('',#1436,1.);
#295=VECTOR('',#1443,10.);
#296=VECTOR('',#1446,10.);
#297=VECTOR('',#1449,10.);
#298=VECTOR('',#1452,10.);
#299=VECTOR('',#1459,1.5);
#300=VECTOR('',#1466,0.75);
#301=VECTOR('',#1469,10.);
#302=VECTOR('',#1472,10.);
#303=VECTOR('',#1479,10.);
#304=VECTOR('',#1482,10.);
#305=VECTOR('',#1485,10.);
#306=VECTOR('',#1488,10.);
#307=VECTOR('',#1491,10.);
#308=VECTOR('',#1494,10.);
#309=VECTOR('',#1497,10.);
#310=VECTOR('',#1500,10.);
#311=VECTOR('',#1503,10.);
#312=VECTOR('',#1506,10.);
#313=VECTOR('',#1509,10.);
#314=VECTOR('',#1512,10.);
#315=VECTOR('',#1515,10.);
#316=VECTOR('',#1518,10.);
#317=VECTOR('',#1521,10.);
#318=VECTOR('',#1524,10.);
#319=VECTOR('',#1527,10.);
#320=VECTOR('',#1530,10.);
#321=VECTOR('',#1533,10.);
#322=VECTOR('',#1536,10.);
#323=VECTOR('',#1539,10.);
#324=VECTOR('',#1542,10.);
#325=VECTOR('',#1545,10.);
#326=VECTOR('',#1548,10.);
#327=VECTOR('',#1551,10.);
#328=VECTOR('',#1554,10.);
#329=VECTOR('',#1557,10.);
#330=VECTOR('',#1560,10.);
#331=VECTOR('',#1563,10.);
#332=VECTOR('',#1566,10.);
#333=VECTOR('',#1571,10.);
#334=VECTOR('',#1574,10.);
#335=VECTOR('',#1577,10.);
#336=VECTOR('',#1580,10.);
#337=VECTOR('',#1583,10.);
#338=VECTOR('',#1586,10.);
#339=VECTOR('',#1589,10.);
#340=VECTOR('',#1592,10.);
#341=VECTOR('',#1595,10.);
#342=VECTOR('',#1598,10.);
#343=CIRCLE('',#1265,1.);
#344=CIRCLE('',#1267,0.75);
#345=CIRCLE('',#1269,9.00000013411045);
#346=CIRCLE('',#1270,9.00000013411045);
#347=CIRCLE('',#1272,0.75);
#348=CIRCLE('',#1274,1.5);
#349=CIRCLE('',#1275,1.5);
#350=CIRCLE('',#1279,9.00000013411045);
#351=CIRCLE('',#1280,9.00000013411045);
#352=CIRCLE('',#1283,0.75);
#353=CIRCLE('',#1285,0.75);
#354=CIRCLE('',#1287,0.75);
#355=CIRCLE('',#1289,0.75);
#356=CIRCLE('',#1291,0.75);
#357=CIRCLE('',#1293,0.75);
#358=CIRCLE('',#1295,0.75);
#359=CIRCLE('',#1297,0.75);
#360=CIRCLE('',#1299,0.75);
#361=CIRCLE('',#1301,0.75);
#362=CIRCLE('',#1303,0.75);
#363=CIRCLE('',#1305,0.75);
#364=CIRCLE('',#1307,0.75);
#365=CIRCLE('',#1309,0.749999999999999);
#366=CIRCLE('',#1311,0.75);
#367=CIRCLE('',#1313,0.75);
#368=CIRCLE('',#1315,0.749999999999999);
#369=CIRCLE('',#1317,0.75);
#370=CIRCLE('',#1319,0.75);
#371=CIRCLE('',#1321,0.75);
#372=CIRCLE('',#1323,0.75);
#373=CIRCLE('',#1325,8.50000013411045);
#374=CIRCLE('',#1326,9.00000013411045);
#375=CIRCLE('',#1328,8.50000013411045);
#376=CIRCLE('',#1329,9.00000013411045);
#377=CIRCLE('',#1331,8.50000013411045);
#378=CIRCLE('',#1332,9.00000013411045);
#379=CIRCLE('',#1334,8.50000013411045);
#380=CIRCLE('',#1335,9.00000013411045);
#381=CIRCLE('',#1337,8.50000013411045);
#382=CIRCLE('',#1338,9.00000013411045);
#383=CIRCLE('',#1340,8.50000013411045);
#384=CIRCLE('',#1341,9.00000013411045);
#385=CIRCLE('',#1343,8.50000013411045);
#386=CIRCLE('',#1344,9.00000013411045);
#387=CIRCLE('',#1346,9.00000013411045);
#388=CIRCLE('',#1347,8.50000013411045);
#389=CIRCLE('',#1349,9.00000013411045);
#390=CIRCLE('',#1350,8.50000013411045);
#391=CIRCLE('',#1352,9.00000013411045);
#392=CIRCLE('',#1353,8.50000013411045);
#393=CIRCLE('',#1355,9.00000013411045);
#394=CIRCLE('',#1356,8.50000013411045);
#395=CIRCLE('',#1358,9.00000013411045);
#396=CIRCLE('',#1359,8.50000013411045);
#397=CIRCLE('',#1361,8.50000013411045);
#398=CIRCLE('',#1363,8.50000013411045);
#399=CIRCLE('',#1365,9.00000013411045);
#400=CIRCLE('',#1366,8.50000013411045);
#401=CIRCLE('',#1368,9.00000013411045);
#402=CIRCLE('',#1369,8.50000013411045);
#403=CIRCLE('',#1371,9.00000013411045);
#404=CIRCLE('',#1372,8.50000013411045);
#405=CIRCLE('',#1374,8.50000013411045);
#406=CIRCLE('',#1375,9.00000013411045);
#407=CIRCLE('',#1377,9.00000013411045);
#408=CIRCLE('',#1378,8.50000013411045);
#409=CIRCLE('',#1380,8.50000013411045);
#410=CIRCLE('',#1381,9.00000013411045);
#411=CIRCLE('',#1383,9.00000013411045);
#412=CIRCLE('',#1384,8.50000013411045);
#413=CIRCLE('',#1386,9.00000013411045);
#414=CIRCLE('',#1388,9.00000013411045);
#415=CIRCLE('',#1390,9.00000013411045);
#416=CIRCLE('',#1392,9.00000013411045);
#417=CIRCLE('',#1394,9.00000013411045);
#418=CIRCLE('',#1396,9.00000013411045);
#419=CIRCLE('',#1398,9.00000013411045);
#420=CIRCLE('',#1400,9.00000013411045);
#421=CIRCLE('',#1402,9.00000013411045);
#422=CIRCLE('',#1404,9.00000013411045);
#423=CIRCLE('',#1406,9.00000013411045);
#424=CIRCLE('',#1408,9.00000013411045);
#425=CIRCLE('',#1410,9.00000013411045);
#426=CIRCLE('',#1412,9.00000013411045);
#427=CIRCLE('',#1414,9.00000013411045);
#428=CIRCLE('',#1416,9.00000013411045);
#429=CIRCLE('',#1418,9.00000013411045);
#430=CIRCLE('',#1420,9.00000013411045);
#431=CIRCLE('',#1422,9.00000013411045);
#432=CIRCLE('',#1423,9.00000013411045);
#433=CIRCLE('',#1425,9.00000013411045);
#434=CIRCLE('',#1428,8.50000013411045);
#435=VERTEX_POINT('',#1815);
#436=VERTEX_POINT('',#1817);
#437=VERTEX_POINT('',#1819);
#438=VERTEX_POINT('',#1828);
#439=VERTEX_POINT('',#1847);
#440=VERTEX_POINT('',#1862);
#441=VERTEX_POINT('',#1890);
#442=VERTEX_POINT('',#1893);
#443=VERTEX_POINT('',#1895);
#444=VERTEX_POINT('',#1897);
#445=VERTEX_POINT('',#1899);
#446=VERTEX_POINT('',#1903);
#447=VERTEX_POINT('',#1907);
#448=VERTEX_POINT('',#1909);
#449=VERTEX_POINT('',#1912);
#450=VERTEX_POINT('',#1951);
#451=VERTEX_POINT('',#1953);
#452=VERTEX_POINT('',#1955);
#453=VERTEX_POINT('',#1959);
#454=VERTEX_POINT('',#1981);
#455=VERTEX_POINT('',#1982);
#456=VERTEX_POINT('',#1993);
#457=VERTEX_POINT('',#2004);
#458=VERTEX_POINT('',#2006);
#459=VERTEX_POINT('',#2010);
#460=VERTEX_POINT('',#2011);
#461=VERTEX_POINT('',#2022);
#462=VERTEX_POINT('',#2033);
#463=VERTEX_POINT('',#2035);
#464=VERTEX_POINT('',#2039);
#465=VERTEX_POINT('',#2040);
#466=VERTEX_POINT('',#2051);
#467=VERTEX_POINT('',#2062);
#468=VERTEX_POINT('',#2064);
#469=VERTEX_POINT('',#2068);
#470=VERTEX_POINT('',#2069);
#471=VERTEX_POINT('',#2080);
#472=VERTEX_POINT('',#2091);
#473=VERTEX_POINT('',#2093);
#474=VERTEX_POINT('',#2097);
#475=VERTEX_POINT('',#2098);
#476=VERTEX_POINT('',#2109);
#477=VERTEX_POINT('',#2120);
#478=VERTEX_POINT('',#2122);
#479=VERTEX_POINT('',#2126);
#480=VERTEX_POINT('',#2127);
#481=VERTEX_POINT('',#2138);
#482=VERTEX_POINT('',#2149);
#483=VERTEX_POINT('',#2151);
#484=VERTEX_POINT('',#2155);
#485=VERTEX_POINT('',#2156);
#486=VERTEX_POINT('',#2167);
#487=VERTEX_POINT('',#2178);
#488=VERTEX_POINT('',#2180);
#489=VERTEX_POINT('',#2184);
#490=VERTEX_POINT('',#2185);
#491=VERTEX_POINT('',#2196);
#492=VERTEX_POINT('',#2207);
#493=VERTEX_POINT('',#2209);
#494=VERTEX_POINT('',#2213);
#495=VERTEX_POINT('',#2214);
#496=VERTEX_POINT('',#2225);
#497=VERTEX_POINT('',#2236);
#498=VERTEX_POINT('',#2238);
#499=VERTEX_POINT('',#2242);
#500=VERTEX_POINT('',#2243);
#501=VERTEX_POINT('',#2254);
#502=VERTEX_POINT('',#2265);
#503=VERTEX_POINT('',#2267);
#504=VERTEX_POINT('',#2271);
#505=VERTEX_POINT('',#2272);
#506=VERTEX_POINT('',#2283);
#507=VERTEX_POINT('',#2294);
#508=VERTEX_POINT('',#2296);
#509=VERTEX_POINT('',#2300);
#510=VERTEX_POINT('',#2301);
#511=VERTEX_POINT('',#2312);
#512=VERTEX_POINT('',#2323);
#513=VERTEX_POINT('',#2325);
#514=VERTEX_POINT('',#2329);
#515=VERTEX_POINT('',#2330);
#516=VERTEX_POINT('',#2341);
#517=VERTEX_POINT('',#2352);
#518=VERTEX_POINT('',#2354);
#519=VERTEX_POINT('',#2358);
#520=VERTEX_POINT('',#2359);
#521=VERTEX_POINT('',#2370);
#522=VERTEX_POINT('',#2381);
#523=VERTEX_POINT('',#2383);
#524=VERTEX_POINT('',#2387);
#525=VERTEX_POINT('',#2388);
#526=VERTEX_POINT('',#2399);
#527=VERTEX_POINT('',#2410);
#528=VERTEX_POINT('',#2412);
#529=VERTEX_POINT('',#2416);
#530=VERTEX_POINT('',#2417);
#531=VERTEX_POINT('',#2438);
#532=VERTEX_POINT('',#2442);
#533=VERTEX_POINT('',#2443);
#534=VERTEX_POINT('',#2454);
#535=VERTEX_POINT('',#2465);
#536=VERTEX_POINT('',#2467);
#537=VERTEX_POINT('',#2471);
#538=VERTEX_POINT('',#2472);
#539=VERTEX_POINT('',#2483);
#540=VERTEX_POINT('',#2494);
#541=VERTEX_POINT('',#2496);
#542=VERTEX_POINT('',#2500);
#543=VERTEX_POINT('',#2501);
#544=VERTEX_POINT('',#2512);
#545=VERTEX_POINT('',#2523);
#546=VERTEX_POINT('',#2525);
#547=VERTEX_POINT('',#2529);
#548=VERTEX_POINT('',#2530);
#549=VERTEX_POINT('',#2541);
#550=VERTEX_POINT('',#2552);
#551=VERTEX_POINT('',#2554);
#552=VERTEX_POINT('',#2558);
#553=VERTEX_POINT('',#2569);
#554=VERTEX_POINT('',#2580);
#555=EDGE_CURVE('',#435,#435,#343,.T.);
#556=EDGE_CURVE('',#435,#436,#245,.T.);
#557=EDGE_CURVE('',#437,#436,#195,.T.);
#558=EDGE_CURVE('',#438,#437,#196,.T.);
#559=EDGE_CURVE('',#439,#438,#197,.T.);
#560=EDGE_CURVE('',#440,#439,#198,.T.);
#561=EDGE_CURVE('',#436,#440,#199,.T.);
#562=EDGE_CURVE('',#441,#441,#344,.T.);
#563=EDGE_CURVE('',#440,#442,#246,.T.);
#564=EDGE_CURVE('',#442,#443,#345,.T.);
#565=EDGE_CURVE('',#443,#444,#247,.T.);
#566=EDGE_CURVE('',#445,#444,#346,.T.);
#567=EDGE_CURVE('',#445,#437,#248,.T.);
#568=EDGE_CURVE('',#446,#439,#249,.T.);
#569=EDGE_CURVE('',#442,#446,#347,.T.);
#570=EDGE_CURVE('',#447,#447,#348,.T.);
#571=EDGE_CURVE('',#447,#448,#250,.T.);
#572=EDGE_CURVE('',#448,#448,#349,.T.);
#573=EDGE_CURVE('',#449,#449,#200,.T.);
#574=EDGE_CURVE('',#449,#441,#251,.T.);
#575=EDGE_CURVE('',#438,#450,#252,.T.);
#576=EDGE_CURVE('',#451,#450,#350,.T.);
#577=EDGE_CURVE('',#451,#452,#253,.T.);
#578=EDGE_CURVE('',#452,#446,#351,.T.);
#579=EDGE_CURVE('',#453,#445,#201,.T.);
#580=EDGE_CURVE('',#450,#453,#202,.T.);
#581=EDGE_CURVE('',#454,#455,#203,.T.);
#582=EDGE_CURVE('',#456,#454,#204,.T.);
#583=EDGE_CURVE('',#457,#456,#254,.T.);
#584=EDGE_CURVE('',#458,#457,#352,.T.);
#585=EDGE_CURVE('',#455,#458,#255,.T.);
#586=EDGE_CURVE('',#459,#460,#205,.T.);
#587=EDGE_CURVE('',#461,#459,#206,.T.);
#588=EDGE_CURVE('',#462,#461,#256,.T.);
#589=EDGE_CURVE('',#463,#462,#353,.T.);
#590=EDGE_CURVE('',#460,#463,#257,.T.);
#591=EDGE_CURVE('',#464,#465,#207,.T.);
#592=EDGE_CURVE('',#466,#464,#208,.T.);
#593=EDGE_CURVE('',#467,#466,#258,.T.);
#594=EDGE_CURVE('',#468,#467,#354,.T.);
#595=EDGE_CURVE('',#465,#468,#259,.T.);
#596=EDGE_CURVE('',#469,#470,#209,.T.);
#597=EDGE_CURVE('',#471,#469,#210,.T.);
#598=EDGE_CURVE('',#472,#471,#260,.T.);
#599=EDGE_CURVE('',#473,#472,#355,.T.);
#600=EDGE_CURVE('',#470,#473,#261,.T.);
#601=EDGE_CURVE('',#474,#475,#211,.T.);
#602=EDGE_CURVE('',#476,#474,#212,.T.);
#603=EDGE_CURVE('',#477,#476,#262,.T.);
#604=EDGE_CURVE('',#478,#477,#356,.T.);
#605=EDGE_CURVE('',#475,#478,#263,.T.);
#606=EDGE_CURVE('',#479,#480,#213,.T.);
#607=EDGE_CURVE('',#481,#479,#214,.T.);
#608=EDGE_CURVE('',#482,#481,#264,.T.);
#609=EDGE_CURVE('',#483,#482,#357,.T.);
#610=EDGE_CURVE('',#480,#483,#265,.T.);
#611=EDGE_CURVE('',#484,#485,#215,.T.);
#612=EDGE_CURVE('',#486,#484,#216,.T.);
#613=EDGE_CURVE('',#487,#486,#266,.T.);
#614=EDGE_CURVE('',#488,#487,#358,.T.);
#615=EDGE_CURVE('',#485,#488,#267,.T.);
#616=EDGE_CURVE('',#489,#490,#217,.T.);
#617=EDGE_CURVE('',#491,#489,#218,.T.);
#618=EDGE_CURVE('',#492,#491,#268,.T.);
#619=EDGE_CURVE('',#493,#492,#359,.T.);
#620=EDGE_CURVE('',#490,#493,#269,.T.);
#621=EDGE_CURVE('',#494,#495,#219,.T.);
#622=EDGE_CURVE('',#496,#494,#220,.T.);
#623=EDGE_CURVE('',#497,#496,#270,.T.);
#624=EDGE_CURVE('',#498,#497,#360,.T.);
#625=EDGE_CURVE('',#495,#498,#271,.T.);
#626=EDGE_CURVE('',#499,#500,#221,.T.);
#627=EDGE_CURVE('',#501,#499,#222,.T.);
#628=EDGE_CURVE('',#502,#501,#272,.T.);
#629=EDGE_CURVE('',#503,#502,#361,.T.);
#630=EDGE_CURVE('',#500,#503,#273,.T.);
#631=EDGE_CURVE('',#504,#505,#223,.T.);
#632=EDGE_CURVE('',#506,#504,#224,.T.);
#633=EDGE_CURVE('',#507,#506,#274,.T.);
#634=EDGE_CURVE('',#508,#507,#362,.T.);
#635=EDGE_CURVE('',#505,#508,#275,.T.);
#636=EDGE_CURVE('',#509,#510,#225,.T.);
#637=EDGE_CURVE('',#511,#509,#226,.T.);
#638=EDGE_CURVE('',#512,#511,#276,.T.);
#639=EDGE_CURVE('',#513,#512,#363,.T.);
#640=EDGE_CURVE('',#510,#513,#277,.T.);
#641=EDGE_CURVE('',#514,#515,#227,.T.);
#642=EDGE_CURVE('',#516,#514,#228,.T.);
#643=EDGE_CURVE('',#517,#516,#278,.T.);
#644=EDGE_CURVE('',#518,#517,#364,.T.);
#645=EDGE_CURVE('',#515,#518,#279,.T.);
#646=EDGE_CURVE('',#519,#520,#229,.T.);
#647=EDGE_CURVE('',#521,#519,#230,.T.);
#648=EDGE_CURVE('',#522,#521,#280,.T.);
#649=EDGE_CURVE('',#523,#522,#365,.T.);
#650=EDGE_CURVE('',#520,#523,#281,.T.);
#651=EDGE_CURVE('',#524,#525,#231,.T.);
#652=EDGE_CURVE('',#526,#524,#232,.T.);
#653=EDGE_CURVE('',#527,#526,#282,.T.);
#654=EDGE_CURVE('',#528,#527,#366,.T.);
#655=EDGE_CURVE('',#525,#528,#283,.T.);
#656=EDGE_CURVE('',#529,#530,#233,.T.);
#657=EDGE_CURVE('',#444,#529,#234,.T.);
#658=EDGE_CURVE('',#531,#443,#367,.T.);
#659=EDGE_CURVE('',#530,#531,#284,.T.);
#660=EDGE_CURVE('',#532,#533,#235,.T.);
#661=EDGE_CURVE('',#534,#532,#236,.T.);
#662=EDGE_CURVE('',#535,#534,#285,.T.);
#663=EDGE_CURVE('',#536,#535,#368,.T.);
#664=EDGE_CURVE('',#533,#536,#286,.T.);
#665=EDGE_CURVE('',#537,#538,#237,.T.);
#666=EDGE_CURVE('',#539,#537,#238,.T.);
#667=EDGE_CURVE('',#540,#539,#287,.T.);
#668=EDGE_CURVE('',#541,#540,#369,.T.);
#669=EDGE_CURVE('',#538,#541,#288,.T.);
#670=EDGE_CURVE('',#542,#543,#239,.T.);
#671=EDGE_CURVE('',#544,#542,#240,.T.);
#672=EDGE_CURVE('',#545,#544,#289,.T.);
#673=EDGE_CURVE('',#546,#545,#370,.T.);
#674=EDGE_CURVE('',#543,#546,#290,.T.);
#675=EDGE_CURVE('',#547,#548,#241,.T.);
#676=EDGE_CURVE('',#549,#547,#242,.T.);
#677=EDGE_CURVE('',#550,#549,#291,.T.);
#678=EDGE_CURVE('',#551,#550,#371,.T.);
#679=EDGE_CURVE('',#548,#551,#292,.T.);
#680=EDGE_CURVE('',#552,#451,#243,.T.);
#681=EDGE_CURVE('',#553,#552,#244,.T.);
#682=EDGE_CURVE('',#554,#553,#293,.T.);
#683=EDGE_CURVE('',#452,#554,#372,.T.);
#684=EDGE_CURVE('',#519,#532,#373,.T.);
#685=EDGE_CURVE('',#533,#521,#374,.T.);
#686=EDGE_CURVE('',#524,#529,#375,.T.);
#687=EDGE_CURVE('',#530,#526,#376,.T.);
#688=EDGE_CURVE('',#474,#524,#377,.T.);
#689=EDGE_CURVE('',#525,#476,#378,.T.);
#690=EDGE_CURVE('',#469,#519,#379,.T.);
#691=EDGE_CURVE('',#520,#471,#380,.T.);
#692=EDGE_CURVE('',#514,#537,#381,.T.);
#693=EDGE_CURVE('',#538,#516,#382,.T.);
#694=EDGE_CURVE('',#509,#542,#383,.T.);
#695=EDGE_CURVE('',#543,#511,#384,.T.);
#696=EDGE_CURVE('',#504,#547,#385,.T.);
#697=EDGE_CURVE('',#548,#506,#386,.T.);
#698=EDGE_CURVE('',#500,#553,#387,.T.);
#699=EDGE_CURVE('',#552,#499,#388,.T.);
#700=EDGE_CURVE('',#495,#549,#389,.T.);
#701=EDGE_CURVE('',#547,#494,#390,.T.);
#702=EDGE_CURVE('',#490,#544,#391,.T.);
#703=EDGE_CURVE('',#542,#489,#392,.T.);
#704=EDGE_CURVE('',#485,#539,#393,.T.);
#705=EDGE_CURVE('',#537,#484,#394,.T.);
#706=EDGE_CURVE('',#480,#534,#395,.T.);
#707=EDGE_CURVE('',#532,#479,#396,.T.);
#708=EDGE_CURVE('',#529,#453,#397,.T.);
#709=EDGE_CURVE('',#453,#552,#398,.T.);
#710=EDGE_CURVE('',#475,#481,#399,.T.);
#711=EDGE_CURVE('',#479,#474,#400,.T.);
#712=EDGE_CURVE('',#470,#486,#401,.T.);
#713=EDGE_CURVE('',#484,#469,#402,.T.);
#714=EDGE_CURVE('',#465,#491,#403,.T.);
#715=EDGE_CURVE('',#489,#464,#404,.T.);
#716=EDGE_CURVE('',#464,#514,#405,.T.);
#717=EDGE_CURVE('',#515,#466,#406,.T.);
#718=EDGE_CURVE('',#460,#496,#407,.T.);
#719=EDGE_CURVE('',#494,#459,#408,.T.);
#720=EDGE_CURVE('',#459,#509,#409,.T.);
#721=EDGE_CURVE('',#510,#461,#410,.T.);
#722=EDGE_CURVE('',#455,#501,#411,.T.);
#723=EDGE_CURVE('',#499,#454,#412,.T.);
#724=EDGE_CURVE('',#536,#522,#413,.T.);
#725=EDGE_CURVE('',#531,#527,#414,.T.);
#726=EDGE_CURVE('',#528,#477,#415,.T.);
#727=EDGE_CURVE('',#523,#472,#416,.T.);
#728=EDGE_CURVE('',#541,#517,#417,.T.);
#729=EDGE_CURVE('',#546,#512,#418,.T.);
#730=EDGE_CURVE('',#551,#507,#419,.T.);
#731=EDGE_CURVE('',#503,#554,#420,.T.);
#732=EDGE_CURVE('',#498,#550,#421,.T.);
#733=EDGE_CURVE('',#493,#545,#422,.T.);
#734=EDGE_CURVE('',#488,#540,#423,.T.);
#735=EDGE_CURVE('',#483,#535,#424,.T.);
#736=EDGE_CURVE('',#478,#482,#425,.T.);
#737=EDGE_CURVE('',#473,#487,#426,.T.);
#738=EDGE_CURVE('',#518,#467,#427,.T.);
#739=EDGE_CURVE('',#468,#492,#428,.T.);
#740=EDGE_CURVE('',#513,#462,#429,.T.);
#741=EDGE_CURVE('',#463,#497,#430,.T.);
#742=EDGE_CURVE('',#505,#456,#431,.T.);
#743=EDGE_CURVE('',#508,#457,#432,.T.);
#744=EDGE_CURVE('',#458,#502,#433,.T.);
#745=EDGE_CURVE('',#454,#504,#434,.T.);
#746=ORIENTED_EDGE('',*,*,#555,.F.);
#747=ORIENTED_EDGE('',*,*,#556,.T.);
#748=ORIENTED_EDGE('',*,*,#557,.F.);
#749=ORIENTED_EDGE('',*,*,#558,.F.);
#750=ORIENTED_EDGE('',*,*,#559,.F.);
#751=ORIENTED_EDGE('',*,*,#560,.F.);
#752=ORIENTED_EDGE('',*,*,#561,.F.);
#753=ORIENTED_EDGE('',*,*,#556,.F.);
#754=ORIENTED_EDGE('',*,*,#555,.T.);
#755=ORIENTED_EDGE('',*,*,#562,.F.);
#756=ORIENTED_EDGE('',*,*,#557,.T.);
#757=ORIENTED_EDGE('',*,*,#561,.T.);
#758=ORIENTED_EDGE('',*,*,#563,.T.);
#759=ORIENTED_EDGE('',*,*,#564,.T.);
#760=ORIENTED_EDGE('',*,*,#565,.T.);
#761=ORIENTED_EDGE('',*,*,#566,.F.);
#762=ORIENTED_EDGE('',*,*,#567,.T.);
#763=ORIENTED_EDGE('',*,*,#560,.T.);
#764=ORIENTED_EDGE('',*,*,#568,.F.);
#765=ORIENTED_EDGE('',*,*,#569,.F.);
#766=ORIENTED_EDGE('',*,*,#563,.F.);
#767=ORIENTED_EDGE('',*,*,#570,.F.);
#768=ORIENTED_EDGE('',*,*,#571,.T.);
#769=ORIENTED_EDGE('',*,*,#572,.T.);
#770=ORIENTED_EDGE('',*,*,#571,.F.);
#771=ORIENTED_EDGE('',*,*,#573,.F.);
#772=ORIENTED_EDGE('',*,*,#572,.F.);
#773=ORIENTED_EDGE('',*,*,#573,.T.);
#774=ORIENTED_EDGE('',*,*,#574,.T.);
#775=ORIENTED_EDGE('',*,*,#562,.T.);
#776=ORIENTED_EDGE('',*,*,#574,.F.);
#777=ORIENTED_EDGE('',*,*,#559,.T.);
#778=ORIENTED_EDGE('',*,*,#575,.T.);
#779=ORIENTED_EDGE('',*,*,#576,.F.);
#780=ORIENTED_EDGE('',*,*,#577,.T.);
#781=ORIENTED_EDGE('',*,*,#578,.T.);
#782=ORIENTED_EDGE('',*,*,#568,.T.);
#783=ORIENTED_EDGE('',*,*,#558,.T.);
#784=ORIENTED_EDGE('',*,*,#567,.F.);
#785=ORIENTED_EDGE('',*,*,#579,.F.);
#786=ORIENTED_EDGE('',*,*,#580,.F.);
#787=ORIENTED_EDGE('',*,*,#575,.F.);
#788=ORIENTED_EDGE('',*,*,#581,.F.);
#789=ORIENTED_EDGE('',*,*,#582,.F.);
#790=ORIENTED_EDGE('',*,*,#583,.F.);
#791=ORIENTED_EDGE('',*,*,#584,.F.);
#792=ORIENTED_EDGE('',*,*,#585,.F.);
#793=ORIENTED_EDGE('',*,*,#586,.F.);
#794=ORIENTED_EDGE('',*,*,#587,.F.);
#795=ORIENTED_EDGE('',*,*,#588,.F.);
#796=ORIENTED_EDGE('',*,*,#589,.F.);
#797=ORIENTED_EDGE('',*,*,#590,.F.);
#798=ORIENTED_EDGE('',*,*,#591,.F.);
#799=ORIENTED_EDGE('',*,*,#592,.F.);
#800=ORIENTED_EDGE('',*,*,#593,.F.);
#801=ORIENTED_EDGE('',*,*,#594,.F.);
#802=ORIENTED_EDGE('',*,*,#595,.F.);
#803=ORIENTED_EDGE('',*,*,#596,.F.);
#804=ORIENTED_EDGE('',*,*,#597,.F.);
#805=ORIENTED_EDGE('',*,*,#598,.F.);
#806=ORIENTED_EDGE('',*,*,#599,.F.);
#807=ORIENTED_EDGE('',*,*,#600,.F.);
#808=ORIENTED_EDGE('',*,*,#601,.F.);
#809=ORIENTED_EDGE('',*,*,#602,.F.);
#810=ORIENTED_EDGE('',*,*,#603,.F.);
#811=ORIENTED_EDGE('',*,*,#604,.F.);
#812=ORIENTED_EDGE('',*,*,#605,.F.);
#813=ORIENTED_EDGE('',*,*,#606,.F.);
#814=ORIENTED_EDGE('',*,*,#607,.F.);
#815=ORIENTED_EDGE('',*,*,#608,.F.);
#816=ORIENTED_EDGE('',*,*,#609,.F.);
#817=ORIENTED_EDGE('',*,*,#610,.F.);
#818=ORIENTED_EDGE('',*,*,#611,.F.);
#819=ORIENTED_EDGE('',*,*,#612,.F.);
#820=ORIENTED_EDGE('',*,*,#613,.F.);
#821=ORIENTED_EDGE('',*,*,#614,.F.);
#822=ORIENTED_EDGE('',*,*,#615,.F.);
#823=ORIENTED_EDGE('',*,*,#616,.F.);
#824=ORIENTED_EDGE('',*,*,#617,.F.);
#825=ORIENTED_EDGE('',*,*,#618,.F.);
#826=ORIENTED_EDGE('',*,*,#619,.F.);
#827=ORIENTED_EDGE('',*,*,#620,.F.);
#828=ORIENTED_EDGE('',*,*,#621,.F.);
#829=ORIENTED_EDGE('',*,*,#622,.F.);
#830=ORIENTED_EDGE('',*,*,#623,.F.);
#831=ORIENTED_EDGE('',*,*,#624,.F.);
#832=ORIENTED_EDGE('',*,*,#625,.F.);
#833=ORIENTED_EDGE('',*,*,#626,.F.);
#834=ORIENTED_EDGE('',*,*,#627,.F.);
#835=ORIENTED_EDGE('',*,*,#628,.F.);
#836=ORIENTED_EDGE('',*,*,#629,.F.);
#837=ORIENTED_EDGE('',*,*,#630,.F.);
#838=ORIENTED_EDGE('',*,*,#631,.F.);
#839=ORIENTED_EDGE('',*,*,#632,.F.);
#840=ORIENTED_EDGE('',*,*,#633,.F.);
#841=ORIENTED_EDGE('',*,*,#634,.F.);
#842=ORIENTED_EDGE('',*,*,#635,.F.);
#843=ORIENTED_EDGE('',*,*,#636,.F.);
#844=ORIENTED_EDGE('',*,*,#637,.F.);
#845=ORIENTED_EDGE('',*,*,#638,.F.);
#846=ORIENTED_EDGE('',*,*,#639,.F.);
#847=ORIENTED_EDGE('',*,*,#640,.F.);
#848=ORIENTED_EDGE('',*,*,#641,.F.);
#849=ORIENTED_EDGE('',*,*,#642,.F.);
#850=ORIENTED_EDGE('',*,*,#643,.F.);
#851=ORIENTED_EDGE('',*,*,#644,.F.);
#852=ORIENTED_EDGE('',*,*,#645,.F.);
#853=ORIENTED_EDGE('',*,*,#646,.F.);
#854=ORIENTED_EDGE('',*,*,#647,.F.);
#855=ORIENTED_EDGE('',*,*,#648,.F.);
#856=ORIENTED_EDGE('',*,*,#649,.F.);
#857=ORIENTED_EDGE('',*,*,#650,.F.);
#858=ORIENTED_EDGE('',*,*,#651,.F.);
#859=ORIENTED_EDGE('',*,*,#652,.F.);
#860=ORIENTED_EDGE('',*,*,#653,.F.);
#861=ORIENTED_EDGE('',*,*,#654,.F.);
#862=ORIENTED_EDGE('',*,*,#655,.F.);
#863=ORIENTED_EDGE('',*,*,#656,.F.);
#864=ORIENTED_EDGE('',*,*,#657,.F.);
#865=ORIENTED_EDGE('',*,*,#565,.F.);
#866=ORIENTED_EDGE('',*,*,#658,.F.);
#867=ORIENTED_EDGE('',*,*,#659,.F.);
#868=ORIENTED_EDGE('',*,*,#660,.F.);
#869=ORIENTED_EDGE('',*,*,#661,.F.);
#870=ORIENTED_EDGE('',*,*,#662,.F.);
#871=ORIENTED_EDGE('',*,*,#663,.F.);
#872=ORIENTED_EDGE('',*,*,#664,.F.);
#873=ORIENTED_EDGE('',*,*,#665,.F.);
#874=ORIENTED_EDGE('',*,*,#666,.F.);
#875=ORIENTED_EDGE('',*,*,#667,.F.);
#876=ORIENTED_EDGE('',*,*,#668,.F.);
#877=ORIENTED_EDGE('',*,*,#669,.F.);
#878=ORIENTED_EDGE('',*,*,#670,.F.);
#879=ORIENTED_EDGE('',*,*,#671,.F.);
#880=ORIENTED_EDGE('',*,*,#672,.F.);
#881=ORIENTED_EDGE('',*,*,#673,.F.);
#882=ORIENTED_EDGE('',*,*,#674,.F.);
#883=ORIENTED_EDGE('',*,*,#675,.F.);
#884=ORIENTED_EDGE('',*,*,#676,.F.);
#885=ORIENTED_EDGE('',*,*,#677,.F.);
#886=ORIENTED_EDGE('',*,*,#678,.F.);
#887=ORIENTED_EDGE('',*,*,#679,.F.);
#888=ORIENTED_EDGE('',*,*,#680,.F.);
#889=ORIENTED_EDGE('',*,*,#681,.F.);
#890=ORIENTED_EDGE('',*,*,#682,.F.);
#891=ORIENTED_EDGE('',*,*,#683,.F.);
#892=ORIENTED_EDGE('',*,*,#577,.F.);
#893=ORIENTED_EDGE('',*,*,#647,.T.);
#894=ORIENTED_EDGE('',*,*,#684,.T.);
#895=ORIENTED_EDGE('',*,*,#660,.T.);
#896=ORIENTED_EDGE('',*,*,#685,.T.);
#897=ORIENTED_EDGE('',*,*,#652,.T.);
#898=ORIENTED_EDGE('',*,*,#686,.T.);
#899=ORIENTED_EDGE('',*,*,#656,.T.);
#900=ORIENTED_EDGE('',*,*,#687,.T.);
#901=ORIENTED_EDGE('',*,*,#602,.T.);
#902=ORIENTED_EDGE('',*,*,#688,.T.);
#903=ORIENTED_EDGE('',*,*,#651,.T.);
#904=ORIENTED_EDGE('',*,*,#689,.T.);
#905=ORIENTED_EDGE('',*,*,#597,.T.);
#906=ORIENTED_EDGE('',*,*,#690,.T.);
#907=ORIENTED_EDGE('',*,*,#646,.T.);
#908=ORIENTED_EDGE('',*,*,#691,.T.);
#909=ORIENTED_EDGE('',*,*,#642,.T.);
#910=ORIENTED_EDGE('',*,*,#692,.T.);
#911=ORIENTED_EDGE('',*,*,#665,.T.);
#912=ORIENTED_EDGE('',*,*,#693,.T.);
#913=ORIENTED_EDGE('',*,*,#637,.T.);
#914=ORIENTED_EDGE('',*,*,#694,.T.);
#915=ORIENTED_EDGE('',*,*,#670,.T.);
#916=ORIENTED_EDGE('',*,*,#695,.T.);
#917=ORIENTED_EDGE('',*,*,#632,.T.);
#918=ORIENTED_EDGE('',*,*,#696,.T.);
#919=ORIENTED_EDGE('',*,*,#675,.T.);
#920=ORIENTED_EDGE('',*,*,#697,.T.);
#921=ORIENTED_EDGE('',*,*,#626,.T.);
#922=ORIENTED_EDGE('',*,*,#698,.T.);
#923=ORIENTED_EDGE('',*,*,#681,.T.);
#924=ORIENTED_EDGE('',*,*,#699,.T.);
#925=ORIENTED_EDGE('',*,*,#621,.T.);
#926=ORIENTED_EDGE('',*,*,#700,.T.);
#927=ORIENTED_EDGE('',*,*,#676,.T.);
#928=ORIENTED_EDGE('',*,*,#701,.T.);
#929=ORIENTED_EDGE('',*,*,#616,.T.);
#930=ORIENTED_EDGE('',*,*,#702,.T.);
#931=ORIENTED_EDGE('',*,*,#671,.T.);
#932=ORIENTED_EDGE('',*,*,#703,.T.);
#933=ORIENTED_EDGE('',*,*,#611,.T.);
#934=ORIENTED_EDGE('',*,*,#704,.T.);
#935=ORIENTED_EDGE('',*,*,#666,.T.);
#936=ORIENTED_EDGE('',*,*,#705,.T.);
#937=ORIENTED_EDGE('',*,*,#606,.T.);
#938=ORIENTED_EDGE('',*,*,#706,.T.);
#939=ORIENTED_EDGE('',*,*,#661,.T.);
#940=ORIENTED_EDGE('',*,*,#707,.T.);
#941=ORIENTED_EDGE('',*,*,#579,.T.);
#942=ORIENTED_EDGE('',*,*,#566,.T.);
#943=ORIENTED_EDGE('',*,*,#657,.T.);
#944=ORIENTED_EDGE('',*,*,#708,.T.);
#945=ORIENTED_EDGE('',*,*,#580,.T.);
#946=ORIENTED_EDGE('',*,*,#709,.T.);
#947=ORIENTED_EDGE('',*,*,#680,.T.);
#948=ORIENTED_EDGE('',*,*,#576,.T.);
#949=ORIENTED_EDGE('',*,*,#601,.T.);
#950=ORIENTED_EDGE('',*,*,#710,.T.);
#951=ORIENTED_EDGE('',*,*,#607,.T.);
#952=ORIENTED_EDGE('',*,*,#711,.T.);
#953=ORIENTED_EDGE('',*,*,#596,.T.);
#954=ORIENTED_EDGE('',*,*,#712,.T.);
#955=ORIENTED_EDGE('',*,*,#612,.T.);
#956=ORIENTED_EDGE('',*,*,#713,.T.);
#957=ORIENTED_EDGE('',*,*,#591,.T.);
#958=ORIENTED_EDGE('',*,*,#714,.T.);
#959=ORIENTED_EDGE('',*,*,#617,.T.);
#960=ORIENTED_EDGE('',*,*,#715,.T.);
#961=ORIENTED_EDGE('',*,*,#592,.T.);
#962=ORIENTED_EDGE('',*,*,#716,.T.);
#963=ORIENTED_EDGE('',*,*,#641,.T.);
#964=ORIENTED_EDGE('',*,*,#717,.T.);
#965=ORIENTED_EDGE('',*,*,#586,.T.);
#966=ORIENTED_EDGE('',*,*,#718,.T.);
#967=ORIENTED_EDGE('',*,*,#622,.T.);
#968=ORIENTED_EDGE('',*,*,#719,.T.);
#969=ORIENTED_EDGE('',*,*,#587,.T.);
#970=ORIENTED_EDGE('',*,*,#720,.T.);
#971=ORIENTED_EDGE('',*,*,#636,.T.);
#972=ORIENTED_EDGE('',*,*,#721,.T.);
#973=ORIENTED_EDGE('',*,*,#581,.T.);
#974=ORIENTED_EDGE('',*,*,#722,.T.);
#975=ORIENTED_EDGE('',*,*,#627,.T.);
#976=ORIENTED_EDGE('',*,*,#723,.T.);
#977=ORIENTED_EDGE('',*,*,#648,.T.);
#978=ORIENTED_EDGE('',*,*,#685,.F.);
#979=ORIENTED_EDGE('',*,*,#664,.T.);
#980=ORIENTED_EDGE('',*,*,#724,.T.);
#981=ORIENTED_EDGE('',*,*,#653,.T.);
#982=ORIENTED_EDGE('',*,*,#687,.F.);
#983=ORIENTED_EDGE('',*,*,#659,.T.);
#984=ORIENTED_EDGE('',*,*,#725,.T.);
#985=ORIENTED_EDGE('',*,*,#603,.T.);
#986=ORIENTED_EDGE('',*,*,#689,.F.);
#987=ORIENTED_EDGE('',*,*,#655,.T.);
#988=ORIENTED_EDGE('',*,*,#726,.T.);
#989=ORIENTED_EDGE('',*,*,#598,.T.);
#990=ORIENTED_EDGE('',*,*,#691,.F.);
#991=ORIENTED_EDGE('',*,*,#650,.T.);
#992=ORIENTED_EDGE('',*,*,#727,.T.);
#993=ORIENTED_EDGE('',*,*,#643,.T.);
#994=ORIENTED_EDGE('',*,*,#693,.F.);
#995=ORIENTED_EDGE('',*,*,#669,.T.);
#996=ORIENTED_EDGE('',*,*,#728,.T.);
#997=ORIENTED_EDGE('',*,*,#638,.T.);
#998=ORIENTED_EDGE('',*,*,#695,.F.);
#999=ORIENTED_EDGE('',*,*,#674,.T.);
#1000=ORIENTED_EDGE('',*,*,#729,.T.);
#1001=ORIENTED_EDGE('',*,*,#633,.T.);
#1002=ORIENTED_EDGE('',*,*,#697,.F.);
#1003=ORIENTED_EDGE('',*,*,#679,.T.);
#1004=ORIENTED_EDGE('',*,*,#730,.T.);
#1005=ORIENTED_EDGE('',*,*,#630,.T.);
#1006=ORIENTED_EDGE('',*,*,#731,.T.);
#1007=ORIENTED_EDGE('',*,*,#682,.T.);
#1008=ORIENTED_EDGE('',*,*,#698,.F.);
#1009=ORIENTED_EDGE('',*,*,#625,.T.);
#1010=ORIENTED_EDGE('',*,*,#732,.T.);
#1011=ORIENTED_EDGE('',*,*,#677,.T.);
#1012=ORIENTED_EDGE('',*,*,#700,.F.);
#1013=ORIENTED_EDGE('',*,*,#620,.T.);
#1014=ORIENTED_EDGE('',*,*,#733,.T.);
#1015=ORIENTED_EDGE('',*,*,#672,.T.);
#1016=ORIENTED_EDGE('',*,*,#702,.F.);
#1017=ORIENTED_EDGE('',*,*,#615,.T.);
#1018=ORIENTED_EDGE('',*,*,#734,.T.);
#1019=ORIENTED_EDGE('',*,*,#667,.T.);
#1020=ORIENTED_EDGE('',*,*,#704,.F.);
#1021=ORIENTED_EDGE('',*,*,#610,.T.);
#1022=ORIENTED_EDGE('',*,*,#735,.T.);
#1023=ORIENTED_EDGE('',*,*,#662,.T.);
#1024=ORIENTED_EDGE('',*,*,#706,.F.);
#1025=ORIENTED_EDGE('',*,*,#605,.T.);
#1026=ORIENTED_EDGE('',*,*,#736,.T.);
#1027=ORIENTED_EDGE('',*,*,#608,.T.);
#1028=ORIENTED_EDGE('',*,*,#710,.F.);
#1029=ORIENTED_EDGE('',*,*,#600,.T.);
#1030=ORIENTED_EDGE('',*,*,#737,.T.);
#1031=ORIENTED_EDGE('',*,*,#613,.T.);
#1032=ORIENTED_EDGE('',*,*,#712,.F.);
#1033=ORIENTED_EDGE('',*,*,#593,.T.);
#1034=ORIENTED_EDGE('',*,*,#717,.F.);
#1035=ORIENTED_EDGE('',*,*,#645,.T.);
#1036=ORIENTED_EDGE('',*,*,#738,.T.);
#1037=ORIENTED_EDGE('',*,*,#595,.T.);
#1038=ORIENTED_EDGE('',*,*,#739,.T.);
#1039=ORIENTED_EDGE('',*,*,#618,.T.);
#1040=ORIENTED_EDGE('',*,*,#714,.F.);
#1041=ORIENTED_EDGE('',*,*,#588,.T.);
#1042=ORIENTED_EDGE('',*,*,#721,.F.);
#1043=ORIENTED_EDGE('',*,*,#640,.T.);
#1044=ORIENTED_EDGE('',*,*,#740,.T.);
#1045=ORIENTED_EDGE('',*,*,#590,.T.);
#1046=ORIENTED_EDGE('',*,*,#741,.T.);
#1047=ORIENTED_EDGE('',*,*,#623,.T.);
#1048=ORIENTED_EDGE('',*,*,#718,.F.);
#1049=ORIENTED_EDGE('',*,*,#583,.T.);
#1050=ORIENTED_EDGE('',*,*,#742,.F.);
#1051=ORIENTED_EDGE('',*,*,#635,.T.);
#1052=ORIENTED_EDGE('',*,*,#743,.T.);
#1053=ORIENTED_EDGE('',*,*,#585,.T.);
#1054=ORIENTED_EDGE('',*,*,#744,.T.);
#1055=ORIENTED_EDGE('',*,*,#628,.T.);
#1056=ORIENTED_EDGE('',*,*,#722,.F.);
#1057=ORIENTED_EDGE('',*,*,#584,.T.);
#1058=ORIENTED_EDGE('',*,*,#743,.F.);
#1059=ORIENTED_EDGE('',*,*,#634,.T.);
#1060=ORIENTED_EDGE('',*,*,#730,.F.);
#1061=ORIENTED_EDGE('',*,*,#678,.T.);
#1062=ORIENTED_EDGE('',*,*,#732,.F.);
#1063=ORIENTED_EDGE('',*,*,#624,.T.);
#1064=ORIENTED_EDGE('',*,*,#741,.F.);
#1065=ORIENTED_EDGE('',*,*,#589,.T.);
#1066=ORIENTED_EDGE('',*,*,#740,.F.);
#1067=ORIENTED_EDGE('',*,*,#639,.T.);
#1068=ORIENTED_EDGE('',*,*,#729,.F.);
#1069=ORIENTED_EDGE('',*,*,#673,.T.);
#1070=ORIENTED_EDGE('',*,*,#733,.F.);
#1071=ORIENTED_EDGE('',*,*,#619,.T.);
#1072=ORIENTED_EDGE('',*,*,#739,.F.);
#1073=ORIENTED_EDGE('',*,*,#594,.T.);
#1074=ORIENTED_EDGE('',*,*,#738,.F.);
#1075=ORIENTED_EDGE('',*,*,#644,.T.);
#1076=ORIENTED_EDGE('',*,*,#728,.F.);
#1077=ORIENTED_EDGE('',*,*,#668,.T.);
#1078=ORIENTED_EDGE('',*,*,#734,.F.);
#1079=ORIENTED_EDGE('',*,*,#614,.T.);
#1080=ORIENTED_EDGE('',*,*,#737,.F.);
#1081=ORIENTED_EDGE('',*,*,#599,.T.);
#1082=ORIENTED_EDGE('',*,*,#727,.F.);
#1083=ORIENTED_EDGE('',*,*,#649,.T.);
#1084=ORIENTED_EDGE('',*,*,#724,.F.);
#1085=ORIENTED_EDGE('',*,*,#663,.T.);
#1086=ORIENTED_EDGE('',*,*,#735,.F.);
#1087=ORIENTED_EDGE('',*,*,#609,.T.);
#1088=ORIENTED_EDGE('',*,*,#736,.F.);
#1089=ORIENTED_EDGE('',*,*,#604,.T.);
#1090=ORIENTED_EDGE('',*,*,#726,.F.);
#1091=ORIENTED_EDGE('',*,*,#654,.T.);
#1092=ORIENTED_EDGE('',*,*,#725,.F.);
#1093=ORIENTED_EDGE('',*,*,#658,.T.);
#1094=ORIENTED_EDGE('',*,*,#564,.F.);
#1095=ORIENTED_EDGE('',*,*,#569,.T.);
#1096=ORIENTED_EDGE('',*,*,#578,.F.);
#1097=ORIENTED_EDGE('',*,*,#683,.T.);
#1098=ORIENTED_EDGE('',*,*,#731,.F.);
#1099=ORIENTED_EDGE('',*,*,#629,.T.);
#1100=ORIENTED_EDGE('',*,*,#744,.F.);
#1101=ORIENTED_EDGE('',*,*,#570,.T.);
#1102=ORIENTED_EDGE('',*,*,#582,.T.);
#1103=ORIENTED_EDGE('',*,*,#745,.T.);
#1104=ORIENTED_EDGE('',*,*,#631,.T.);
#1105=ORIENTED_EDGE('',*,*,#742,.T.);
#1106=ORIENTED_EDGE('',*,*,#684,.F.);
#1107=ORIENTED_EDGE('',*,*,#690,.F.);
#1108=ORIENTED_EDGE('',*,*,#713,.F.);
#1109=ORIENTED_EDGE('',*,*,#705,.F.);
#1110=ORIENTED_EDGE('',*,*,#692,.F.);
#1111=ORIENTED_EDGE('',*,*,#716,.F.);
#1112=ORIENTED_EDGE('',*,*,#715,.F.);
#1113=ORIENTED_EDGE('',*,*,#703,.F.);
#1114=ORIENTED_EDGE('',*,*,#694,.F.);
#1115=ORIENTED_EDGE('',*,*,#720,.F.);
#1116=ORIENTED_EDGE('',*,*,#719,.F.);
#1117=ORIENTED_EDGE('',*,*,#701,.F.);
#1118=ORIENTED_EDGE('',*,*,#696,.F.);
#1119=ORIENTED_EDGE('',*,*,#745,.F.);
#1120=ORIENTED_EDGE('',*,*,#723,.F.);
#1121=ORIENTED_EDGE('',*,*,#699,.F.);
#1122=ORIENTED_EDGE('',*,*,#709,.F.);
#1123=ORIENTED_EDGE('',*,*,#708,.F.);
#1124=ORIENTED_EDGE('',*,*,#686,.F.);
#1125=ORIENTED_EDGE('',*,*,#688,.F.);
#1126=ORIENTED_EDGE('',*,*,#711,.F.);
#1127=ORIENTED_EDGE('',*,*,#707,.F.);
#1128=CYLINDRICAL_SURFACE('',#1264,1.);
#1129=CYLINDRICAL_SURFACE('',#1268,9.00000013411045);
#1130=CYLINDRICAL_SURFACE('',#1271,0.75);
#1131=CYLINDRICAL_SURFACE('',#1273,1.5);
#1132=CYLINDRICAL_SURFACE('',#1277,0.75);
#1133=CYLINDRICAL_SURFACE('',#1278,9.00000013411045);
#1134=CYLINDRICAL_SURFACE('',#1281,0.75);
#1135=CYLINDRICAL_SURFACE('',#1282,0.75);
#1136=CYLINDRICAL_SURFACE('',#1284,0.75);
#1137=CYLINDRICAL_SURFACE('',#1286,0.75);
#1138=CYLINDRICAL_SURFACE('',#1288,0.75);
#1139=CYLINDRICAL_SURFACE('',#1290,0.75);
#1140=CYLINDRICAL_SURFACE('',#1292,0.75);
#1141=CYLINDRICAL_SURFACE('',#1294,0.75);
#1142=CYLINDRICAL_SURFACE('',#1296,0.75);
#1143=CYLINDRICAL_SURFACE('',#1298,0.75);
#1144=CYLINDRICAL_SURFACE('',#1300,0.75);
#1145=CYLINDRICAL_SURFACE('',#1302,0.75);
#1146=CYLINDRICAL_SURFACE('',#1304,0.75);
#1147=CYLINDRICAL_SURFACE('',#1306,0.75);
#1148=CYLINDRICAL_SURFACE('',#1308,0.749999999999999);
#1149=CYLINDRICAL_SURFACE('',#1310,0.75);
#1150=CYLINDRICAL_SURFACE('',#1312,0.75);
#1151=CYLINDRICAL_SURFACE('',#1314,0.749999999999999);
#1152=CYLINDRICAL_SURFACE('',#1316,0.75);
#1153=CYLINDRICAL_SURFACE('',#1318,0.749999999999999);
#1154=CYLINDRICAL_SURFACE('',#1320,0.75);
#1155=CYLINDRICAL_SURFACE('',#1322,0.75);
#1156=CYLINDRICAL_SURFACE('',#1385,9.00000013411045);
#1157=CYLINDRICAL_SURFACE('',#1387,9.00000013411045);
#1158=CYLINDRICAL_SURFACE('',#1389,9.00000013411045);
#1159=CYLINDRICAL_SURFACE('',#1391,9.00000013411045);
#1160=CYLINDRICAL_SURFACE('',#1393,9.00000013411045);
#1161=CYLINDRICAL_SURFACE('',#1395,9.00000013411045);
#1162=CYLINDRICAL_SURFACE('',#1397,9.00000013411045);
#1163=CYLINDRICAL_SURFACE('',#1399,9.00000013411045);
#1164=CYLINDRICAL_SURFACE('',#1401,9.00000013411045);
#1165=CYLINDRICAL_SURFACE('',#1403,9.00000013411045);
#1166=CYLINDRICAL_SURFACE('',#1405,9.00000013411045);
#1167=CYLINDRICAL_SURFACE('',#1407,9.00000013411045);
#1168=CYLINDRICAL_SURFACE('',#1409,9.00000013411045);
#1169=CYLINDRICAL_SURFACE('',#1411,9.00000013411045);
#1170=CYLINDRICAL_SURFACE('',#1413,9.00000013411045);
#1171=CYLINDRICAL_SURFACE('',#1415,9.00000013411045);
#1172=CYLINDRICAL_SURFACE('',#1417,9.00000013411045);
#1173=CYLINDRICAL_SURFACE('',#1419,9.00000013411045);
#1174=CYLINDRICAL_SURFACE('',#1421,9.00000013411045);
#1175=CYLINDRICAL_SURFACE('',#1424,9.00000013411045);
#1176=ADVANCED_FACE('',(#44),#1128,.F.);
#1177=ADVANCED_FACE('',(#45,#37),#40,.T.);
#1178=ADVANCED_FACE('',(#46),#1129,.T.);
#1179=ADVANCED_FACE('',(#47),#1130,.F.);
#1180=ADVANCED_FACE('',(#48,#38),#1131,.F.);
#1181=ADVANCED_FACE('',(#49),#41,.F.);
#1182=ADVANCED_FACE('',(#50),#1132,.F.);
#1183=ADVANCED_FACE('',(#51),#1133,.T.);
#1184=ADVANCED_FACE('',(#52),#1134,.F.);
#1185=ADVANCED_FACE('',(#53),#1135,.F.);
#1186=ADVANCED_FACE('',(#54),#1136,.F.);
#1187=ADVANCED_FACE('',(#55),#1137,.F.);
#1188=ADVANCED_FACE('',(#56),#1138,.F.);
#1189=ADVANCED_FACE('',(#57),#1139,.F.);
#1190=ADVANCED_FACE('',(#58),#1140,.F.);
#1191=ADVANCED_FACE('',(#59),#1141,.F.);
#1192=ADVANCED_FACE('',(#60),#1142,.F.);
#1193=ADVANCED_FACE('',(#61),#1143,.F.);
#1194=ADVANCED_FACE('',(#62),#1144,.F.);
#1195=ADVANCED_FACE('',(#63),#1145,.F.);
#1196=ADVANCED_FACE('',(#64),#1146,.F.);
#1197=ADVANCED_FACE('',(#65),#1147,.F.);
#1198=ADVANCED_FACE('',(#66),#1148,.F.);
#1199=ADVANCED_FACE('',(#67),#1149,.F.);
#1200=ADVANCED_FACE('',(#68),#1150,.F.);
#1201=ADVANCED_FACE('',(#69),#1151,.F.);
#1202=ADVANCED_FACE('',(#70),#1152,.F.);
#1203=ADVANCED_FACE('',(#71),#1153,.F.);
#1204=ADVANCED_FACE('',(#72),#1154,.F.);
#1205=ADVANCED_FACE('',(#73),#1155,.F.);
#1206=ADVANCED_FACE('',(#74),#15,.T.);
#1207=ADVANCED_FACE('',(#75),#16,.T.);
#1208=ADVANCED_FACE('',(#76),#17,.T.);
#1209=ADVANCED_FACE('',(#77),#18,.T.);
#1210=ADVANCED_FACE('',(#78),#19,.T.);
#1211=ADVANCED_FACE('',(#79),#20,.T.);
#1212=ADVANCED_FACE('',(#80),#21,.T.);
#1213=ADVANCED_FACE('',(#81),#22,.T.);
#1214=ADVANCED_FACE('',(#82),#23,.T.);
#1215=ADVANCED_FACE('',(#83),#24,.T.);
#1216=ADVANCED_FACE('',(#84),#25,.T.);
#1217=ADVANCED_FACE('',(#85),#26,.T.);
#1218=ADVANCED_FACE('',(#86),#27,.T.);
#1219=ADVANCED_FACE('',(#87),#28,.T.);
#1220=ADVANCED_FACE('',(#88),#29,.T.);
#1221=ADVANCED_FACE('',(#89),#30,.T.);
#1222=ADVANCED_FACE('',(#90),#31,.T.);
#1223=ADVANCED_FACE('',(#91),#32,.T.);
#1224=ADVANCED_FACE('',(#92),#33,.T.);
#1225=ADVANCED_FACE('',(#93),#34,.T.);
#1226=ADVANCED_FACE('',(#94),#35,.T.);
#1227=ADVANCED_FACE('',(#95),#1156,.T.);
#1228=ADVANCED_FACE('',(#96),#1157,.T.);
#1229=ADVANCED_FACE('',(#97),#1158,.T.);
#1230=ADVANCED_FACE('',(#98),#1159,.T.);
#1231=ADVANCED_FACE('',(#99),#1160,.T.);
#1232=ADVANCED_FACE('',(#100),#1161,.T.);
#1233=ADVANCED_FACE('',(#101),#1162,.T.);
#1234=ADVANCED_FACE('',(#102),#1163,.T.);
#1235=ADVANCED_FACE('',(#103),#1164,.T.);
#1236=ADVANCED_FACE('',(#104),#1165,.T.);
#1237=ADVANCED_FACE('',(#105),#1166,.T.);
#1238=ADVANCED_FACE('',(#106),#1167,.T.);
#1239=ADVANCED_FACE('',(#107),#1168,.T.);
#1240=ADVANCED_FACE('',(#108),#1169,.T.);
#1241=ADVANCED_FACE('',(#109),#1170,.T.);
#1242=ADVANCED_FACE('',(#110),#1171,.T.);
#1243=ADVANCED_FACE('',(#111),#1172,.T.);
#1244=ADVANCED_FACE('',(#112),#1173,.T.);
#1245=ADVANCED_FACE('',(#113),#1174,.T.);
#1246=ADVANCED_FACE('',(#114),#1175,.T.);
#1247=ADVANCED_FACE('',(#115,#39),#42,.F.);
#1248=ADVANCED_FACE('',(#116),#36,.T.);
#1249=ADVANCED_FACE('',(#117),#43,.T.);
#1250=CLOSED_SHELL('',(#1176,#1177,#1178,#1179,#1180,#1181,#1182,#1183,
#1184,#1185,#1186,#1187,#1188,#1189,#1190,#1191,#1192,#1193,#1194,#1195,
#1196,#1197,#1198,#1199,#1200,#1201,#1202,#1203,#1204,#1205,#1206,#1207,
#1208,#1209,#1210,#1211,#1212,#1213,#1214,#1215,#1216,#1217,#1218,#1219,
#1220,#1221,#1222,#1223,#1224,#1225,#1226,#1227,#1228,#1229,#1230,#1231,
#1232,#1233,#1234,#1235,#1236,#1237,#1238,#1239,#1240,#1241,#1242,#1243,
#1244,#1245,#1246,#1247,#1248,#1249));
#1251=DERIVED_UNIT_ELEMENT(#1253,1.);
#1252=DERIVED_UNIT_ELEMENT(#2694,-3.);
#1253=(
MASS_UNIT()
NAMED_UNIT(*)
SI_UNIT(.KILO.,.GRAM.)
);
#1254=DERIVED_UNIT((#1251,#1252));
#1255=MEASURE_REPRESENTATION_ITEM('density measure',
POSITIVE_RATIO_MEASURE(7850.),#1254);
#1256=PROPERTY_DEFINITION_REPRESENTATION(#1261,#1258);
#1257=PROPERTY_DEFINITION_REPRESENTATION(#1262,#1259);
#1258=REPRESENTATION('material name',(#1260),#2691);
#1259=REPRESENTATION('density',(#1255),#2691);
#1260=DESCRIPTIVE_REPRESENTATION_ITEM('Steel','Steel');
#1261=PROPERTY_DEFINITION('material property','material name',#2701);
#1262=PROPERTY_DEFINITION('material property','density of part',#2701);
#1263=AXIS2_PLACEMENT_3D('',#1813,#1430,#1431);
#1264=AXIS2_PLACEMENT_3D('',#1814,#1432,#1433);
#1265=AXIS2_PLACEMENT_3D('',#1816,#1434,#1435);
#1266=AXIS2_PLACEMENT_3D('',#1889,#1437,#1438);
#1267=AXIS2_PLACEMENT_3D('',#1891,#1439,#1440);
#1268=AXIS2_PLACEMENT_3D('',#1892,#1441,#1442);
#1269=AXIS2_PLACEMENT_3D('',#1896,#1444,#1445);
#1270=AXIS2_PLACEMENT_3D('',#1900,#1447,#1448);
#1271=AXIS2_PLACEMENT_3D('',#1902,#1450,#1451);
#1272=AXIS2_PLACEMENT_3D('',#1905,#1453,#1454);
#1273=AXIS2_PLACEMENT_3D('',#1906,#1455,#1456);
#1274=AXIS2_PLACEMENT_3D('',#1908,#1457,#1458);
#1275=AXIS2_PLACEMENT_3D('',#1911,#1460,#1461);
#1276=AXIS2_PLACEMENT_3D('',#1947,#1462,#1463);
#1277=AXIS2_PLACEMENT_3D('',#1948,#1464,#1465);
#1278=AXIS2_PLACEMENT_3D('',#1950,#1467,#1468);
#1279=AXIS2_PLACEMENT_3D('',#1954,#1470,#1471);
#1280=AXIS2_PLACEMENT_3D('',#1957,#1473,#1474);
#1281=AXIS2_PLACEMENT_3D('',#1958,#1475,#1476);
#1282=AXIS2_PLACEMENT_3D('',#1980,#1477,#1478);
#1283=AXIS2_PLACEMENT_3D('',#2007,#1480,#1481);
#1284=AXIS2_PLACEMENT_3D('',#2009,#1483,#1484);
#1285=AXIS2_PLACEMENT_3D('',#2036,#1486,#1487);
#1286=AXIS2_PLACEMENT_3D('',#2038,#1489,#1490);
#1287=AXIS2_PLACEMENT_3D('',#2065,#1492,#1493);
#1288=AXIS2_PLACEMENT_3D('',#2067,#1495,#1496);
#1289=AXIS2_PLACEMENT_3D('',#2094,#1498,#1499);
#1290=AXIS2_PLACEMENT_3D('',#2096,#1501,#1502);
#1291=AXIS2_PLACEMENT_3D('',#2123,#1504,#1505);
#1292=AXIS2_PLACEMENT_3D('',#2125,#1507,#1508);
#1293=AXIS2_PLACEMENT_3D('',#2152,#1510,#1511);
#1294=AXIS2_PLACEMENT_3D('',#2154,#1513,#1514);
#1295=AXIS2_PLACEMENT_3D('',#2181,#1516,#1517);
#1296=AXIS2_PLACEMENT_3D('',#2183,#1519,#1520);
#1297=AXIS2_PLACEMENT_3D('',#2210,#1522,#1523);
#1298=AXIS2_PLACEMENT_3D('',#2212,#1525,#1526);
#1299=AXIS2_PLACEMENT_3D('',#2239,#1528,#1529);
#1300=AXIS2_PLACEMENT_3D('',#2241,#1531,#1532);
#1301=AXIS2_PLACEMENT_3D('',#2268,#1534,#1535);
#1302=AXIS2_PLACEMENT_3D('',#2270,#1537,#1538);
#1303=AXIS2_PLACEMENT_3D('',#2297,#1540,#1541);
#1304=AXIS2_PLACEMENT_3D('',#2299,#1543,#1544);
#1305=AXIS2_PLACEMENT_3D('',#2326,#1546,#1547);
#1306=AXIS2_PLACEMENT_3D('',#2328,#1549,#1550);
#1307=AXIS2_PLACEMENT_3D('',#2355,#1552,#1553);
#1308=AXIS2_PLACEMENT_3D('',#2357,#1555,#1556);
#1309=AXIS2_PLACEMENT_3D('',#2384,#1558,#1559);
#1310=AXIS2_PLACEMENT_3D('',#2386,#1561,#1562);
#1311=AXIS2_PLACEMENT_3D('',#2413,#1564,#1565);
#1312=AXIS2_PLACEMENT_3D('',#2415,#1567,#1568);
#1313=AXIS2_PLACEMENT_3D('',#2439,#1569,#1570);
#1314=AXIS2_PLACEMENT_3D('',#2441,#1572,#1573);
#1315=AXIS2_PLACEMENT_3D('',#2468,#1575,#1576);
#1316=AXIS2_PLACEMENT_3D('',#2470,#1578,#1579);
#1317=AXIS2_PLACEMENT_3D('',#2497,#1581,#1582);
#1318=AXIS2_PLACEMENT_3D('',#2499,#1584,#1585);
#1319=AXIS2_PLACEMENT_3D('',#2526,#1587,#1588);
#1320=AXIS2_PLACEMENT_3D('',#2528,#1590,#1591);
#1321=AXIS2_PLACEMENT_3D('',#2555,#1593,#1594);
#1322=AXIS2_PLACEMENT_3D('',#2557,#1596,#1597);
#1323=AXIS2_PLACEMENT_3D('',#2582,#1599,#1600);
#1324=AXIS2_PLACEMENT_3D('',#2583,#1601,#1602);
#1325=AXIS2_PLACEMENT_3D('',#2584,#1603,#1604);
#1326=AXIS2_PLACEMENT_3D('',#2585,#1605,#1606);
#1327=AXIS2_PLACEMENT_3D('',#2586,#1607,#1608);
#1328=AXIS2_PLACEMENT_3D('',#2587,#1609,#1610);
#1329=AXIS2_PLACEMENT_3D('',#2588,#1611,#1612);
#1330=AXIS2_PLACEMENT_3D('',#2589,#1613,#1614);
#1331=AXIS2_PLACEMENT_3D('',#2590,#1615,#1616);
#1332=AXIS2_PLACEMENT_3D('',#2591,#1617,#1618);
#1333=AXIS2_PLACEMENT_3D('',#2592,#1619,#1620);
#1334=AXIS2_PLACEMENT_3D('',#2593,#1621,#1622);
#1335=AXIS2_PLACEMENT_3D('',#2594,#1623,#1624);
#1336=AXIS2_PLACEMENT_3D('',#2595,#1625,#1626);
#1337=AXIS2_PLACEMENT_3D('',#2596,#1627,#1628);
#1338=AXIS2_PLACEMENT_3D('',#2597,#1629,#1630);
#1339=AXIS2_PLACEMENT_3D('',#2598,#1631,#1632);
#1340=AXIS2_PLACEMENT_3D('',#2599,#1633,#1634);
#1341=AXIS2_PLACEMENT_3D('',#2600,#1635,#1636);
#1342=AXIS2_PLACEMENT_3D('',#2601,#1637,#1638);
#1343=AXIS2_PLACEMENT_3D('',#2602,#1639,#1640);
#1344=AXIS2_PLACEMENT_3D('',#2603,#1641,#1642);
#1345=AXIS2_PLACEMENT_3D('',#2604,#1643,#1644);
#1346=AXIS2_PLACEMENT_3D('',#2605,#1645,#1646);
#1347=AXIS2_PLACEMENT_3D('',#2606,#1647,#1648);
#1348=AXIS2_PLACEMENT_3D('',#2607,#1649,#1650);
#1349=AXIS2_PLACEMENT_3D('',#2608,#1651,#1652);
#1350=AXIS2_PLACEMENT_3D('',#2609,#1653,#1654);
#1351=AXIS2_PLACEMENT_3D('',#2610,#1655,#1656);
#1352=AXIS2_PLACEMENT_3D('',#2611,#1657,#1658);
#1353=AXIS2_PLACEMENT_3D('',#2612,#1659,#1660);
#1354=AXIS2_PLACEMENT_3D('',#2613,#1661,#1662);
#1355=AXIS2_PLACEMENT_3D('',#2614,#1663,#1664);
#1356=AXIS2_PLACEMENT_3D('',#2615,#1665,#1666);
#1357=AXIS2_PLACEMENT_3D('',#2616,#1667,#1668);
#1358=AXIS2_PLACEMENT_3D('',#2617,#1669,#1670);
#1359=AXIS2_PLACEMENT_3D('',#2618,#1671,#1672);
#1360=AXIS2_PLACEMENT_3D('',#2619,#1673,#1674);
#1361=AXIS2_PLACEMENT_3D('',#2620,#1675,#1676);
#1362=AXIS2_PLACEMENT_3D('',#2621,#1677,#1678);
#1363=AXIS2_PLACEMENT_3D('',#2622,#1679,#1680);
#1364=AXIS2_PLACEMENT_3D('',#2623,#1681,#1682);
#1365=AXIS2_PLACEMENT_3D('',#2624,#1683,#1684);
#1366=AXIS2_PLACEMENT_3D('',#2625,#1685,#1686);
#1367=AXIS2_PLACEMENT_3D('',#2626,#1687,#1688);
#1368=AXIS2_PLACEMENT_3D('',#2627,#1689,#1690);
#1369=AXIS2_PLACEMENT_3D('',#2628,#1691,#1692);
#1370=AXIS2_PLACEMENT_3D('',#2629,#1693,#1694);
#1371=AXIS2_PLACEMENT_3D('',#2630,#1695,#1696);
#1372=AXIS2_PLACEMENT_3D('',#2631,#1697,#1698);
#1373=AXIS2_PLACEMENT_3D('',#2632,#1699,#1700);
#1374=AXIS2_PLACEMENT_3D('',#2633,#1701,#1702);
#1375=AXIS2_PLACEMENT_3D('',#2634,#1703,#1704);
#1376=AXIS2_PLACEMENT_3D('',#2635,#1705,#1706);
#1377=AXIS2_PLACEMENT_3D('',#2636,#1707,#1708);
#1378=AXIS2_PLACEMENT_3D('',#2637,#1709,#1710);
#1379=AXIS2_PLACEMENT_3D('',#2638,#1711,#1712);
#1380=AXIS2_PLACEMENT_3D('',#2639,#1713,#1714);
#1381=AXIS2_PLACEMENT_3D('',#2640,#1715,#1716);
#1382=AXIS2_PLACEMENT_3D('',#2641,#1717,#1718);
#1383=AXIS2_PLACEMENT_3D('',#2642,#1719,#1720);
#1384=AXIS2_PLACEMENT_3D('',#2643,#1721,#1722);
#1385=AXIS2_PLACEMENT_3D('',#2644,#1723,#1724);
#1386=AXIS2_PLACEMENT_3D('',#2645,#1725,#1726);
#1387=AXIS2_PLACEMENT_3D('',#2646,#1727,#1728);
#1388=AXIS2_PLACEMENT_3D('',#2647,#1729,#1730);
#1389=AXIS2_PLACEMENT_3D('',#2648,#1731,#1732);
#1390=AXIS2_PLACEMENT_3D('',#2649,#1733,#1734);
#1391=AXIS2_PLACEMENT_3D('',#2650,#1735,#1736);
#1392=AXIS2_PLACEMENT_3D('',#2651,#1737,#1738);
#1393=AXIS2_PLACEMENT_3D('',#2652,#1739,#1740);
#1394=AXIS2_PLACEMENT_3D('',#2653,#1741,#1742);
#1395=AXIS2_PLACEMENT_3D('',#2654,#1743,#1744);
#1396=AXIS2_PLACEMENT_3D('',#2655,#1745,#1746);
#1397=AXIS2_PLACEMENT_3D('',#2656,#1747,#1748);
#1398=AXIS2_PLACEMENT_3D('',#2657,#1749,#1750);
#1399=AXIS2_PLACEMENT_3D('',#2658,#1751,#1752);
#1400=AXIS2_PLACEMENT_3D('',#2659,#1753,#1754);
#1401=AXIS2_PLACEMENT_3D('',#2660,#1755,#1756);
#1402=AXIS2_PLACEMENT_3D('',#2661,#1757,#1758);
#1403=AXIS2_PLACEMENT_3D('',#2662,#1759,#1760);
#1404=AXIS2_PLACEMENT_3D('',#2663,#1761,#1762);
#1405=AXIS2_PLACEMENT_3D('',#2664,#1763,#1764);
#1406=AXIS2_PLACEMENT_3D('',#2665,#1765,#1766);
#1407=AXIS2_PLACEMENT_3D('',#2666,#1767,#1768);
#1408=AXIS2_PLACEMENT_3D('',#2667,#1769,#1770);
#1409=AXIS2_PLACEMENT_3D('',#2668,#1771,#1772);
#1410=AXIS2_PLACEMENT_3D('',#2669,#1773,#1774);
#1411=AXIS2_PLACEMENT_3D('',#2670,#1775,#1776);
#1412=AXIS2_PLACEMENT_3D('',#2671,#1777,#1778);
#1413=AXIS2_PLACEMENT_3D('',#2672,#1779,#1780);
#1414=AXIS2_PLACEMENT_3D('',#2673,#1781,#1782);
#1415=AXIS2_PLACEMENT_3D('',#2674,#1783,#1784);
#1416=AXIS2_PLACEMENT_3D('',#2675,#1785,#1786);
#1417=AXIS2_PLACEMENT_3D('',#2676,#1787,#1788);
#1418=AXIS2_PLACEMENT_3D('',#2677,#1789,#1790);
#1419=AXIS2_PLACEMENT_3D('',#2678,#1791,#1792);
#1420=AXIS2_PLACEMENT_3D('',#2679,#1793,#1794);
#1421=AXIS2_PLACEMENT_3D('',#2680,#1795,#1796);
#1422=AXIS2_PLACEMENT_3D('',#2681,#1797,#1798);
#1423=AXIS2_PLACEMENT_3D('',#2682,#1799,#1800);
#1424=AXIS2_PLACEMENT_3D('',#2683,#1801,#1802);
#1425=AXIS2_PLACEMENT_3D('',#2684,#1803,#1804);
#1426=AXIS2_PLACEMENT_3D('',#2685,#1805,#1806);
#1427=AXIS2_PLACEMENT_3D('',#2686,#1807,#1808);
#1428=AXIS2_PLACEMENT_3D('',#2687,#1809,#1810);
#1429=AXIS2_PLACEMENT_3D('',#2688,#1811,#1812);
#1430=DIRECTION('axis',(0.,0.,1.));
#1431=DIRECTION('refdir',(1.,0.,0.));
#1432=DIRECTION('center_axis',(0.,1.,0.));
#1433=DIRECTION('ref_axis',(1.,0.,0.));
#1434=DIRECTION('center_axis',(0.,1.,0.));
#1435=DIRECTION('ref_axis',(1.,0.,0.));
#1436=DIRECTION('',(0.,1.,0.));
#1437=DIRECTION('center_axis',(0.,1.,0.));
#1438=DIRECTION('ref_axis',(1.,0.,0.));
#1439=DIRECTION('center_axis',(0.,1.,0.));
#1440=DIRECTION('ref_axis',(1.,0.,0.));
#1441=DIRECTION('center_axis',(0.,0.,1.));
#1442=DIRECTION('ref_axis',(1.,0.,0.));
#1443=DIRECTION('',(0.,0.,-1.));
#1444=DIRECTION('center_axis',(0.,0.,1.));
#1445=DIRECTION('ref_axis',(1.,0.,0.));
#1446=DIRECTION('',(0.,0.,1.));
#1447=DIRECTION('center_axis',(0.,0.,1.));
#1448=DIRECTION('ref_axis',(1.,0.,0.));
#1449=DIRECTION('',(0.,0.,-1.));
#1450=DIRECTION('center_axis',(0.,0.,1.));
#1451=DIRECTION('ref_axis',(1.,0.,0.));
#1452=DIRECTION('',(0.,0.,1.));
#1453=DIRECTION('center_axis',(0.,0.,1.));
#1454=DIRECTION('ref_axis',(1.,0.,0.));
#1455=DIRECTION('center_axis',(0.,0.,1.));
#1456=DIRECTION('ref_axis',(1.,0.,0.));
#1457=DIRECTION('center_axis',(0.,0.,1.));
#1458=DIRECTION('ref_axis',(1.,0.,0.));
#1459=DIRECTION('',(0.,0.,1.));
#1460=DIRECTION('center_axis',(0.,0.,1.));
#1461=DIRECTION('ref_axis',(1.,0.,0.));
#1462=DIRECTION('center_axis',(0.,0.,1.));
#1463=DIRECTION('ref_axis',(1.,0.,0.));
#1464=DIRECTION('center_axis',(0.,1.,0.));
#1465=DIRECTION('ref_axis',(1.,0.,0.));
#1466=DIRECTION('',(0.,1.,0.));
#1467=DIRECTION('center_axis',(0.,0.,1.));
#1468=DIRECTION('ref_axis',(1.,0.,0.));
#1469=DIRECTION('',(0.,0.,1.));
#1470=DIRECTION('center_axis',(0.,0.,1.));
#1471=DIRECTION('ref_axis',(1.,0.,0.));
#1472=DIRECTION('',(0.,0.,-1.));
#1473=DIRECTION('center_axis',(0.,0.,1.));
#1474=DIRECTION('ref_axis',(1.,0.,0.));
#1475=DIRECTION('center_axis',(0.,0.,1.));
#1476=DIRECTION('ref_axis',(1.,0.,0.));
#1477=DIRECTION('center_axis',(0.,0.,1.));
#1478=DIRECTION('ref_axis',(-0.755610496483186,-0.655021203934982,0.));
#1479=DIRECTION('',(0.,0.,1.));
#1480=DIRECTION('center_axis',(0.,0.,1.));
#1481=DIRECTION('ref_axis',(1.,0.,0.));
#1482=DIRECTION('',(0.,0.,-1.));
#1483=DIRECTION('center_axis',(0.,0.,1.));
#1484=DIRECTION('ref_axis',(-0.909720188955823,0.415221841677653,0.));
#1485=DIRECTION('',(0.,0.,1.));
#1486=DIRECTION('center_axis',(0.,0.,1.));
#1487=DIRECTION('ref_axis',(1.,0.,0.));
#1488=DIRECTION('',(0.,0.,-1.));
#1489=DIRECTION('center_axis',(0.,0.,1.));
#1490=DIRECTION('ref_axis',(1.,0.,0.));
#1491=DIRECTION('',(0.,0.,1.));
#1492=DIRECTION('center_axis',(0.,0.,1.));
#1493=DIRECTION('ref_axis',(1.,0.,0.));
#1494=DIRECTION('',(0.,0.,-1.));
#1495=DIRECTION('center_axis',(0.,0.,1.));
#1496=DIRECTION('ref_axis',(1.,0.,0.));
#1497=DIRECTION('',(0.,0.,1.));
#1498=DIRECTION('center_axis',(0.,0.,1.));
#1499=DIRECTION('ref_axis',(1.,0.,0.));
#1500=DIRECTION('',(0.,0.,-1.));
#1501=DIRECTION('center_axis',(0.,0.,1.));
#1502=DIRECTION('ref_axis',(1.,0.,0.));
#1503=DIRECTION('',(0.,0.,1.));
#1504=DIRECTION('center_axis',(0.,0.,1.));
#1505=DIRECTION('ref_axis',(1.,0.,0.));
#1506=DIRECTION('',(0.,0.,-1.));
#1507=DIRECTION('center_axis',(0.,0.,1.));
#1508=DIRECTION('ref_axis',(1.,0.,0.));
#1509=DIRECTION('',(0.,0.,1.));
#1510=DIRECTION('center_axis',(0.,0.,1.));
#1511=DIRECTION('ref_axis',(1.,0.,0.));
#1512=DIRECTION('',(0.,0.,-1.));
#1513=DIRECTION('center_axis',(0.,0.,1.));
#1514=DIRECTION('ref_axis',(1.,0.,0.));
#1515=DIRECTION('',(0.,0.,1.));
#1516=DIRECTION('center_axis',(0.,0.,1.));
#1517=DIRECTION('ref_axis',(1.,0.,0.));
#1518=DIRECTION('',(0.,0.,-1.));
#1519=DIRECTION('center_axis',(0.,0.,1.));
#1520=DIRECTION('ref_axis',(1.,0.,0.));
#1521=DIRECTION('',(0.,0.,1.));
#1522=DIRECTION('center_axis',(0.,0.,1.));
#1523=DIRECTION('ref_axis',(1.,0.,0.));
#1524=DIRECTION('',(0.,0.,-1.));
#1525=DIRECTION('center_axis',(0.,0.,1.));
#1526=DIRECTION('ref_axis',(-0.989851640370617,0.14210464473619,0.));
#1527=DIRECTION('',(0.,0.,1.));
#1528=DIRECTION('center_axis',(0.,0.,1.));
#1529=DIRECTION('ref_axis',(1.,0.,0.));
#1530=DIRECTION('',(0.,0.,-1.));
#1531=DIRECTION('center_axis',(0.,0.,1.));
#1532=DIRECTION('ref_axis',(-0.540462163595024,-0.841368319894555,0.));
#1533=DIRECTION('',(0.,0.,1.));
#1534=DIRECTION('center_axis',(0.,0.,1.));
#1535=DIRECTION('ref_axis',(1.,0.,0.));
#1536=DIRECTION('',(0.,0.,-1.));
#1537=DIRECTION('center_axis',(0.,0.,1.));
#1538=DIRECTION('ref_axis',(-0.909543760734933,-0.415608165593695,0.));
#1539=DIRECTION('',(0.,0.,1.));
#1540=DIRECTION('center_axis',(0.,0.,1.));
#1541=DIRECTION('ref_axis',(1.,0.,0.));
#1542=DIRECTION('',(0.,0.,-1.));
#1543=DIRECTION('center_axis',(0.,0.,1.));
#1544=DIRECTION('ref_axis',(-0.755888618146111,0.654700234425774,0.));
#1545=DIRECTION('',(0.,0.,1.));
#1546=DIRECTION('center_axis',(0.,0.,1.));
#1547=DIRECTION('ref_axis',(1.,0.,0.));
#1548=DIRECTION('',(0.,0.,-1.));
#1549=DIRECTION('center_axis',(0.,0.,1.));
#1550=DIRECTION('ref_axis',(1.,0.,0.));
#1551=DIRECTION('',(0.,0.,1.));
#1552=DIRECTION('center_axis',(0.,0.,1.));
#1553=DIRECTION('ref_axis',(1.,0.,0.));
#1554=DIRECTION('',(0.,0.,-1.));
#1555=DIRECTION('center_axis',(0.,0.,1.));
#1556=DIRECTION('ref_axis',(1.,0.,0.));
#1557=DIRECTION('',(0.,0.,1.));
#1558=DIRECTION('center_axis',(0.,0.,1.));
#1559=DIRECTION('ref_axis',(1.,0.,0.));
#1560=DIRECTION('',(0.,0.,-1.));
#1561=DIRECTION('center_axis',(0.,0.,1.));
#1562=DIRECTION('ref_axis',(1.,0.,0.));
#1563=DIRECTION('',(0.,0.,1.));
#1564=DIRECTION('center_axis',(0.,0.,1.));
#1565=DIRECTION('ref_axis',(1.,0.,0.));
#1566=DIRECTION('',(0.,0.,-1.));
#1567=DIRECTION('center_axis',(0.,0.,1.));
#1568=DIRECTION('ref_axis',(1.,0.,0.));
#1569=DIRECTION('center_axis',(0.,0.,1.));
#1570=DIRECTION('ref_axis',(1.,0.,0.));
#1571=DIRECTION('',(0.,0.,-1.));
#1572=DIRECTION('center_axis',(0.,0.,1.));
#1573=DIRECTION('ref_axis',(1.,0.,0.));
#1574=DIRECTION('',(0.,0.,1.));
#1575=DIRECTION('center_axis',(0.,0.,1.));
#1576=DIRECTION('ref_axis',(1.,0.,0.));
#1577=DIRECTION('',(0.,0.,-1.));
#1578=DIRECTION('center_axis',(0.,0.,1.));
#1579=DIRECTION('ref_axis',(1.,0.,0.));
#1580=DIRECTION('',(0.,0.,1.));
#1581=DIRECTION('center_axis',(0.,0.,1.));
#1582=DIRECTION('ref_axis',(1.,0.,0.));
#1583=DIRECTION('',(0.,0.,-1.));
#1584=DIRECTION('center_axis',(0.,0.,1.));
#1585=DIRECTION('ref_axis',(-0.540819446936908,0.841138707832934,0.));
#1586=DIRECTION('',(0.,0.,1.));
#1587=DIRECTION('center_axis',(0.,0.,1.));
#1588=DIRECTION('ref_axis',(1.,0.,0.));
#1589=DIRECTION('',(0.,0.,-1.));
#1590=DIRECTION('center_axis',(0.,0.,1.));
#1591=DIRECTION('ref_axis',(-0.989791198756961,-0.142525025392938,0.));
#1592=DIRECTION('',(0.,0.,1.));
#1593=DIRECTION('center_axis',(0.,0.,1.));
#1594=DIRECTION('ref_axis',(1.,0.,0.));
#1595=DIRECTION('',(0.,0.,-1.));
#1596=DIRECTION('center_axis',(0.,0.,1.));
#1597=DIRECTION('ref_axis',(1.,0.,0.));
#1598=DIRECTION('',(0.,0.,1.));
#1599=DIRECTION('center_axis',(0.,0.,1.));
#1600=DIRECTION('ref_axis',(1.,0.,0.));
#1601=DIRECTION('center_axis',(0.,0.,-1.));
#1602=DIRECTION('ref_axis',(-0.999999977453364,-0.000212351763137404,0.));
#1603=DIRECTION('center_axis',(0.,0.,-1.));
#1604=DIRECTION('ref_axis',(1.,0.,0.));
#1605=DIRECTION('center_axis',(0.,0.,1.));
#1606=DIRECTION('ref_axis',(1.,0.,0.));
#1607=DIRECTION('center_axis',(0.,0.,-1.));
#1608=DIRECTION('ref_axis',(1.,0.,0.));
#1609=DIRECTION('center_axis',(0.,0.,-1.));
#1610=DIRECTION('ref_axis',(1.,0.,0.));
#1611=DIRECTION('center_axis',(0.,0.,1.));
#1612=DIRECTION('ref_axis',(1.,0.,0.));
#1613=DIRECTION('center_axis',(0.,0.,-1.));
#1614=DIRECTION('ref_axis',(1.,0.,0.));
#1615=DIRECTION('center_axis',(0.,0.,-1.));
#1616=DIRECTION('ref_axis',(1.,0.,0.));
#1617=DIRECTION('center_axis',(0.,0.,1.));
#1618=DIRECTION('ref_axis',(1.,0.,0.));
#1619=DIRECTION('center_axis',(0.,0.,-1.));
#1620=DIRECTION('ref_axis',(1.,0.,0.));
#1621=DIRECTION('center_axis',(0.,0.,-1.));
#1622=DIRECTION('ref_axis',(1.,0.,0.));
#1623=DIRECTION('center_axis',(0.,0.,1.));
#1624=DIRECTION('ref_axis',(1.,0.,0.));
#1625=DIRECTION('center_axis',(0.,0.,-1.));
#1626=DIRECTION('ref_axis',(1.,0.,0.));
#1627=DIRECTION('center_axis',(0.,0.,-1.));
#1628=DIRECTION('ref_axis',(1.,0.,0.));
#1629=DIRECTION('center_axis',(0.,0.,1.));
#1630=DIRECTION('ref_axis',(1.,0.,0.));
#1631=DIRECTION('center_axis',(0.,0.,-1.));
#1632=DIRECTION('ref_axis',(1.,0.,0.));
#1633=DIRECTION('center_axis',(0.,0.,-1.));
#1634=DIRECTION('ref_axis',(1.,0.,0.));
#1635=DIRECTION('center_axis',(0.,0.,1.));
#1636=DIRECTION('ref_axis',(1.,0.,0.));
#1637=DIRECTION('center_axis',(0.,0.,-1.));
#1638=DIRECTION('ref_axis',(1.,0.,0.));
#1639=DIRECTION('center_axis',(0.,0.,-1.));
#1640=DIRECTION('ref_axis',(1.,0.,0.));
#1641=DIRECTION('center_axis',(0.,0.,1.));
#1642=DIRECTION('ref_axis',(1.,0.,0.));
#1643=DIRECTION('center_axis',(0.,0.,-1.));
#1644=DIRECTION('ref_axis',(1.,0.,0.));
#1645=DIRECTION('center_axis',(0.,0.,1.));
#1646=DIRECTION('ref_axis',(1.,0.,0.));
#1647=DIRECTION('center_axis',(0.,0.,-1.));
#1648=DIRECTION('ref_axis',(1.,0.,0.));
#1649=DIRECTION('center_axis',(0.,0.,-1.));
#1650=DIRECTION('ref_axis',(1.,0.,0.));
#1651=DIRECTION('center_axis',(0.,0.,1.));
#1652=DIRECTION('ref_axis',(1.,0.,0.));
#1653=DIRECTION('center_axis',(0.,0.,-1.));
#1654=DIRECTION('ref_axis',(1.,0.,0.));
#1655=DIRECTION('center_axis',(0.,0.,-1.));
#1656=DIRECTION('ref_axis',(1.,0.,0.));
#1657=DIRECTION('center_axis',(0.,0.,1.));
#1658=DIRECTION('ref_axis',(1.,0.,0.));
#1659=DIRECTION('center_axis',(0.,0.,-1.));
#1660=DIRECTION('ref_axis',(1.,0.,0.));
#1661=DIRECTION('center_axis',(0.,0.,-1.));
#1662=DIRECTION('ref_axis',(1.,0.,0.));
#1663=DIRECTION('center_axis',(0.,0.,1.));
#1664=DIRECTION('ref_axis',(1.,0.,0.));
#1665=DIRECTION('center_axis',(0.,0.,-1.));
#1666=DIRECTION('ref_axis',(1.,0.,0.));
#1667=DIRECTION('center_axis',(0.,0.,-1.));
#1668=DIRECTION('ref_axis',(1.,0.,0.));
#1669=DIRECTION('center_axis',(0.,0.,1.));
#1670=DIRECTION('ref_axis',(1.,0.,0.));
#1671=DIRECTION('center_axis',(0.,0.,-1.));
#1672=DIRECTION('ref_axis',(1.,0.,0.));
#1673=DIRECTION('center_axis',(0.,0.,-1.));
#1674=DIRECTION('ref_axis',(1.,0.,0.));
#1675=DIRECTION('center_axis',(0.,0.,-1.));
#1676=DIRECTION('ref_axis',(1.,0.,0.));
#1677=DIRECTION('center_axis',(0.,0.,-1.));
#1678=DIRECTION('ref_axis',(1.,0.,0.));
#1679=DIRECTION('center_axis',(0.,0.,-1.));
#1680=DIRECTION('ref_axis',(1.,0.,0.));
#1681=DIRECTION('center_axis',(0.,0.,-1.));
#1682=DIRECTION('ref_axis',(1.,0.,0.));
#1683=DIRECTION('center_axis',(0.,0.,1.));
#1684=DIRECTION('ref_axis',(1.,0.,0.));
#1685=DIRECTION('center_axis',(0.,0.,-1.));
#1686=DIRECTION('ref_axis',(1.,0.,0.));
#1687=DIRECTION('center_axis',(0.,0.,-1.));
#1688=DIRECTION('ref_axis',(1.,0.,0.));
#1689=DIRECTION('center_axis',(0.,0.,1.));
#1690=DIRECTION('ref_axis',(1.,0.,0.));
#1691=DIRECTION('center_axis',(0.,0.,-1.));
#1692=DIRECTION('ref_axis',(1.,0.,0.));
#1693=DIRECTION('center_axis',(0.,0.,-1.));
#1694=DIRECTION('ref_axis',(1.,0.,0.));
#1695=DIRECTION('center_axis',(0.,0.,1.));
#1696=DIRECTION('ref_axis',(1.,0.,0.));
#1697=DIRECTION('center_axis',(0.,0.,-1.));
#1698=DIRECTION('ref_axis',(1.,0.,0.));
#1699=DIRECTION('center_axis',(0.,0.,-1.));
#1700=DIRECTION('ref_axis',(1.,0.,0.));
#1701=DIRECTION('center_axis',(0.,0.,-1.));
#1702=DIRECTION('ref_axis',(1.,0.,0.));
#1703=DIRECTION('center_axis',(0.,0.,1.));
#1704=DIRECTION('ref_axis',(1.,0.,0.));
#1705=DIRECTION('center_axis',(0.,0.,-1.));
#1706=DIRECTION('ref_axis',(1.,0.,0.));
#1707=DIRECTION('center_axis',(0.,0.,1.));
#1708=DIRECTION('ref_axis',(1.,0.,0.));
#1709=DIRECTION('center_axis',(0.,0.,-1.));
#1710=DIRECTION('ref_axis',(1.,0.,0.));
#1711=DIRECTION('center_axis',(0.,0.,-1.));
#1712=DIRECTION('ref_axis',(1.,0.,0.));
#1713=DIRECTION('center_axis',(0.,0.,-1.));
#1714=DIRECTION('ref_axis',(1.,0.,0.));
#1715=DIRECTION('center_axis',(0.,0.,1.));
#1716=DIRECTION('ref_axis',(1.,0.,0.));
#1717=DIRECTION('center_axis',(0.,0.,-1.));
#1718=DIRECTION('ref_axis',(1.,0.,0.));
#1719=DIRECTION('center_axis',(0.,0.,1.));
#1720=DIRECTION('ref_axis',(1.,0.,0.));
#1721=DIRECTION('center_axis',(0.,0.,-1.));
#1722=DIRECTION('ref_axis',(1.,0.,0.));
#1723=DIRECTION('center_axis',(0.,0.,1.));
#1724=DIRECTION('ref_axis',(-0.999999977453364,-0.000212351763137404,0.));
#1725=DIRECTION('center_axis',(0.,0.,1.));
#1726=DIRECTION('ref_axis',(1.,0.,0.));
#1727=DIRECTION('center_axis',(0.,0.,1.));
#1728=DIRECTION('ref_axis',(1.,0.,0.));
#1729=DIRECTION('center_axis',(0.,0.,1.));
#1730=DIRECTION('ref_axis',(1.,0.,0.));
#1731=DIRECTION('center_axis',(0.,0.,1.));
#1732=DIRECTION('ref_axis',(1.,0.,0.));
#1733=DIRECTION('center_axis',(0.,0.,1.));
#1734=DIRECTION('ref_axis',(1.,0.,0.));
#1735=DIRECTION('center_axis',(0.,0.,1.));
#1736=DIRECTION('ref_axis',(1.,0.,0.));
#1737=DIRECTION('center_axis',(0.,0.,1.));
#1738=DIRECTION('ref_axis',(1.,0.,0.));
#1739=DIRECTION('center_axis',(0.,0.,1.));
#1740=DIRECTION('ref_axis',(1.,0.,0.));
#1741=DIRECTION('center_axis',(0.,0.,1.));
#1742=DIRECTION('ref_axis',(1.,0.,0.));
#1743=DIRECTION('center_axis',(0.,0.,1.));
#1744=DIRECTION('ref_axis',(1.,0.,0.));
#1745=DIRECTION('center_axis',(0.,0.,1.));
#1746=DIRECTION('ref_axis',(1.,0.,0.));
#1747=DIRECTION('center_axis',(0.,0.,1.));
#1748=DIRECTION('ref_axis',(1.,0.,0.));
#1749=DIRECTION('center_axis',(0.,0.,1.));
#1750=DIRECTION('ref_axis',(1.,0.,0.));
#1751=DIRECTION('center_axis',(0.,0.,1.));
#1752=DIRECTION('ref_axis',(1.,0.,0.));
#1753=DIRECTION('center_axis',(0.,0.,1.));
#1754=DIRECTION('ref_axis',(1.,0.,0.));
#1755=DIRECTION('center_axis',(0.,0.,1.));
#1756=DIRECTION('ref_axis',(1.,0.,0.));
#1757=DIRECTION('center_axis',(0.,0.,1.));
#1758=DIRECTION('ref_axis',(1.,0.,0.));
#1759=DIRECTION('center_axis',(0.,0.,1.));
#1760=DIRECTION('ref_axis',(1.,0.,0.));
#1761=DIRECTION('center_axis',(0.,0.,1.));
#1762=DIRECTION('ref_axis',(1.,0.,0.));
#1763=DIRECTION('center_axis',(0.,0.,1.));
#1764=DIRECTION('ref_axis',(1.,0.,0.));
#1765=DIRECTION('center_axis',(0.,0.,1.));
#1766=DIRECTION('ref_axis',(1.,0.,0.));
#1767=DIRECTION('center_axis',(0.,0.,1.));
#1768=DIRECTION('ref_axis',(1.,0.,0.));
#1769=DIRECTION('center_axis',(0.,0.,1.));
#1770=DIRECTION('ref_axis',(1.,0.,0.));
#1771=DIRECTION('center_axis',(0.,0.,1.));
#1772=DIRECTION('ref_axis',(1.,0.,0.));
#1773=DIRECTION('center_axis',(0.,0.,1.));
#1774=DIRECTION('ref_axis',(1.,0.,0.));
#1775=DIRECTION('center_axis',(0.,0.,1.));
#1776=DIRECTION('ref_axis',(1.,0.,0.));
#1777=DIRECTION('center_axis',(0.,0.,1.));
#1778=DIRECTION('ref_axis',(1.,0.,0.));
#1779=DIRECTION('center_axis',(0.,0.,1.));
#1780=DIRECTION('ref_axis',(1.,0.,0.));
#1781=DIRECTION('center_axis',(0.,0.,1.));
#1782=DIRECTION('ref_axis',(1.,0.,0.));
#1783=DIRECTION('center_axis',(0.,0.,1.));
#1784=DIRECTION('ref_axis',(1.,0.,0.));
#1785=DIRECTION('center_axis',(0.,0.,1.));
#1786=DIRECTION('ref_axis',(1.,0.,0.));
#1787=DIRECTION('center_axis',(0.,0.,1.));
#1788=DIRECTION('ref_axis',(1.,0.,0.));
#1789=DIRECTION('center_axis',(0.,0.,1.));
#1790=DIRECTION('ref_axis',(1.,0.,0.));
#1791=DIRECTION('center_axis',(0.,0.,1.));
#1792=DIRECTION('ref_axis',(1.,0.,0.));
#1793=DIRECTION('center_axis',(0.,0.,1.));
#1794=DIRECTION('ref_axis',(1.,0.,0.));
#1795=DIRECTION('center_axis',(0.,0.,1.));
#1796=DIRECTION('ref_axis',(1.,0.,0.));
#1797=DIRECTION('center_axis',(0.,0.,1.));
#1798=DIRECTION('ref_axis',(1.,0.,0.));
#1799=DIRECTION('center_axis',(0.,0.,1.));
#1800=DIRECTION('ref_axis',(1.,0.,0.));
#1801=DIRECTION('center_axis',(0.,0.,1.));
#1802=DIRECTION('ref_axis',(1.,0.,0.));
#1803=DIRECTION('center_axis',(0.,0.,1.));
#1804=DIRECTION('ref_axis',(1.,0.,0.));
#1805=DIRECTION('center_axis',(0.,0.,1.));
#1806=DIRECTION('ref_axis',(1.,0.,0.));
#1807=DIRECTION('center_axis',(0.,0.,-1.));
#1808=DIRECTION('ref_axis',(1.,0.,0.));
#1809=DIRECTION('center_axis',(0.,0.,-1.));
#1810=DIRECTION('ref_axis',(1.,0.,0.));
#1811=DIRECTION('center_axis',(0.,0.,1.));
#1812=DIRECTION('ref_axis',(1.,0.,0.));
#1813=CARTESIAN_POINT('',(0.,0.,0.));
#1814=CARTESIAN_POINT('Origin',(9.00000013411045,4.,5.00000007450581));
#1815=CARTESIAN_POINT('',(8.00000013411045,4.,5.00000007450581));
#1816=CARTESIAN_POINT('Origin',(9.00000013411045,4.,5.00000007450581));
#1817=CARTESIAN_POINT('',(8.00000013411045,8.9442720449452,5.00000007450581));
#1818=CARTESIAN_POINT('',(8.00000013411045,4.,5.00000007450581));
#1819=CARTESIAN_POINT('',(8.30113267356132,8.97282490002783,5.71525126995331));
#1820=CARTESIAN_POINT('Ctrl Pts',(8.3011326735625,8.97282490002872,5.71525126995203));
#1821=CARTESIAN_POINT('Ctrl Pts',(8.29836500625774,8.97260933440223,5.71254699957369));
#1822=CARTESIAN_POINT('Ctrl Pts',(8.29561849752495,8.97239412846812,5.7098320002934));
#1823=CARTESIAN_POINT('Ctrl Pts',(8.20416608679491,8.96518666891898,5.61837958956336));
#1824=CARTESIAN_POINT('Ctrl Pts',(8.12722317890066,8.95772827867379,5.50600169920944));
#1825=CARTESIAN_POINT('Ctrl Pts',(8.02513737743,8.94719387002596,5.259653394961));
#1826=CARTESIAN_POINT('Ctrl Pts',(8.00000013411045,8.9442720449452,5.12567407020858));
#1827=CARTESIAN_POINT('Ctrl Pts',(8.00000013411045,8.9442720449452,5.00000007450581));
#1828=CARTESIAN_POINT('',(9.69505674134446,8.97312090226853,5.71895508891237));
#1829=CARTESIAN_POINT('Ctrl Pts',(9.69505674134446,8.97312090226853,5.71895508891237));
#1830=CARTESIAN_POINT('Ctrl Pts',(9.69293830758698,8.96778791163821,5.72100310492259));
#1831=CARTESIAN_POINT('Ctrl Pts',(9.6907612344732,8.96248572035742,5.72308969625577));
#1832=CARTESIAN_POINT('Ctrl Pts',(9.64993883273953,8.86621145027103,5.76184704845553));
#1833=CARTESIAN_POINT('Ctrl Pts',(9.59344979072234,8.78473203671886,5.80852279896228));
#1834=CARTESIAN_POINT('Ctrl Pts',(9.46449444117711,8.65581924493836,5.88875671408859));
#1835=CARTESIAN_POINT('Ctrl Pts',(9.38286900895328,8.59855829772097,5.92878666435365));
#1836=CARTESIAN_POINT('Ctrl Pts',(9.19900392154831,8.52055860030656,5.9846983173364));
#1837=CARTESIAN_POINT('Ctrl Pts',(9.096570144599,8.49999979144362,6.00019169203478));
#1838=CARTESIAN_POINT('Ctrl Pts',(8.89936009219553,8.49999979144362,5.99980432069087));
#1839=CARTESIAN_POINT('Ctrl Pts',(8.79685712418802,8.5206121213956,5.98386707475058));
#1840=CARTESIAN_POINT('Ctrl Pts',(8.61295648319035,8.5986987283668,5.92706994013692));
#1841=CARTESIAN_POINT('Ctrl Pts',(8.53136310527801,8.65599120515422,5.88659473514265));
#1842=CARTESIAN_POINT('Ctrl Pts',(8.40251954518687,8.78487762355977,5.80556255142723));
#1843=CARTESIAN_POINT('Ctrl Pts',(8.34609483306967,8.86629329214168,5.75846186851284));
#1844=CARTESIAN_POINT('Ctrl Pts',(8.30534588284428,8.96240279148811,5.71935026013701));
#1845=CARTESIAN_POINT('Ctrl Pts',(8.30321114053658,8.9675989926783,5.71728212700655));
#1846=CARTESIAN_POINT('Ctrl Pts',(8.30113267355941,8.97282490002541,5.71525126994902));
#1847=CARTESIAN_POINT('',(9.69505674134446,8.97312090226853,4.28104506009924));
#1848=CARTESIAN_POINT('Ctrl Pts',(9.69505674134446,8.97312090226853,4.28104506009924));
#1849=CARTESIAN_POINT('Ctrl Pts',(9.69911842524198,8.97280628483941,4.28497173168911));
#1850=CARTESIAN_POINT('Ctrl Pts',(9.70313536519521,8.9724923589812,4.28892174321747));
#1851=CARTESIAN_POINT('Ctrl Pts',(9.79583418142599,8.96518666891899,4.38162055944825));
#1852=CARTESIAN_POINT('Ctrl Pts',(9.87277708932024,8.95772827867379,4.49399844980217));
#1853=CARTESIAN_POINT('Ctrl Pts',(9.9748628907909,8.94719387002596,4.74034675405061));
#1854=CARTESIAN_POINT('Ctrl Pts',(10.0000001341105,8.9442720449452,4.87432607880303));
#1855=CARTESIAN_POINT('Ctrl Pts',(10.0000001341105,8.9442720449452,5.12567407020858));
#1856=CARTESIAN_POINT('Ctrl Pts',(9.9748628907909,8.94719387002596,5.259653394961));
#1857=CARTESIAN_POINT('Ctrl Pts',(9.87277708932024,8.95772827867379,5.50600169920944));
#1858=CARTESIAN_POINT('Ctrl Pts',(9.79583418142599,8.96518666891898,5.61837958956336));
#1859=CARTESIAN_POINT('Ctrl Pts',(9.70313536519521,8.9724923589812,5.71107840579415));
#1860=CARTESIAN_POINT('Ctrl Pts',(9.69911842524198,8.97280628483941,5.7150284173225));
#1861=CARTESIAN_POINT('Ctrl Pts',(9.69505674134446,8.97312090226853,5.71895508891237));
#1862=CARTESIAN_POINT('',(8.30113267356132,8.97282490002783,4.28474887905831));
#1863=CARTESIAN_POINT('Ctrl Pts',(8.30113267355942,8.97282490002541,4.28474887906259));
#1864=CARTESIAN_POINT('Ctrl Pts',(8.30321114053658,8.9675989926783,4.28271802200506));
#1865=CARTESIAN_POINT('Ctrl Pts',(8.30534588284429,8.96240279148811,4.2806498888746));
#1866=CARTESIAN_POINT('Ctrl Pts',(8.34609483306967,8.86629329214169,4.24153828049878));
#1867=CARTESIAN_POINT('Ctrl Pts',(8.40251954518687,8.78487762355977,4.19443759758438));
#1868=CARTESIAN_POINT('Ctrl Pts',(8.53136310527801,8.65599120515422,4.11340541386896));
#1869=CARTESIAN_POINT('Ctrl Pts',(8.61295648319035,8.5986987283668,4.07293020887469));
#1870=CARTESIAN_POINT('Ctrl Pts',(8.79685712418802,8.5206121213956,4.01613307426103));
#1871=CARTESIAN_POINT('Ctrl Pts',(8.89936009219553,8.49999979144362,4.00019582832074));
#1872=CARTESIAN_POINT('Ctrl Pts',(9.096570144599,8.49999979144362,3.99980845697683));
#1873=CARTESIAN_POINT('Ctrl Pts',(9.19900392154831,8.52055860030656,4.01530183167521));
#1874=CARTESIAN_POINT('Ctrl Pts',(9.38286900895328,8.59855829772098,4.07121348465797));
#1875=CARTESIAN_POINT('Ctrl Pts',(9.46449444117711,8.65581924493836,4.11124343492302));
#1876=CARTESIAN_POINT('Ctrl Pts',(9.59344979072234,8.78473203671886,4.19147735004933));
#1877=CARTESIAN_POINT('Ctrl Pts',(9.64993883273953,8.86621145027103,4.23815310055608));
#1878=CARTESIAN_POINT('Ctrl Pts',(9.6907612344732,8.96248572035743,4.27691045275585));
#1879=CARTESIAN_POINT('Ctrl Pts',(9.69293830758698,8.96778791163821,4.27899704408902));
#1880=CARTESIAN_POINT('Ctrl Pts',(9.69505674134446,8.97312090226853,4.28104506009924));
#1881=CARTESIAN_POINT('Ctrl Pts',(8.00000013411045,8.9442720449452,5.00000007450581));
#1882=CARTESIAN_POINT('Ctrl Pts',(8.00000013411045,8.9442720449452,4.87432607880303));
#1883=CARTESIAN_POINT('Ctrl Pts',(8.02513737743,8.94719387002596,4.74034675405061));
#1884=CARTESIAN_POINT('Ctrl Pts',(8.12722317890066,8.95772827867379,4.49399844980217));
#1885=CARTESIAN_POINT('Ctrl Pts',(8.20416608679491,8.96518666891898,4.38162055944825));
#1886=CARTESIAN_POINT('Ctrl Pts',(8.29561849752511,8.97239412846813,4.29016814871805));
#1887=CARTESIAN_POINT('Ctrl Pts',(8.2983650062579,8.97260933440224,4.28745314943776));
#1888=CARTESIAN_POINT('Ctrl Pts',(8.3011326735625,8.97282490002872,4.28474887905958));
#1889=CARTESIAN_POINT('Origin',(9.00000013411045,4.,5.00000007450581));
#1890=CARTESIAN_POINT('',(8.25000013411045,4.,5.00000007450581));
#1891=CARTESIAN_POINT('Origin',(9.00000013411045,4.,5.00000007450581));
#1892=CARTESIAN_POINT('Origin',(9.00000013411045,0.,0.));
#1893=CARTESIAN_POINT('',(8.30113267355823,8.97282490002839,0.));
#1894=CARTESIAN_POINT('',(8.30113267355823,8.97282490002839,0.));
#1895=CARTESIAN_POINT('',(7.13888177037243,8.8054665322256,0.));
#1896=CARTESIAN_POINT('Origin',(9.00000013411045,0.,0.));
#1897=CARTESIAN_POINT('',(7.13888177037243,8.8054665322256,9.5));
#1898=CARTESIAN_POINT('',(7.13888177037243,8.8054665322256,0.));
#1899=CARTESIAN_POINT('',(8.30113267355823,8.97282490002839,9.5));
#1900=CARTESIAN_POINT('Origin',(9.00000013411045,0.,9.5));
#1901=CARTESIAN_POINT('',(8.30113267355823,8.97282490002839,0.));
#1902=CARTESIAN_POINT('Origin',(8.99803588030143,9.24999979144362,0.));
#1903=CARTESIAN_POINT('',(9.69505674134446,8.97312090226853,0.));
#1904=CARTESIAN_POINT('',(9.69505674134446,8.97312090226853,0.));
#1905=CARTESIAN_POINT('Origin',(8.99803588030143,9.24999979144362,0.));
#1906=CARTESIAN_POINT('Origin',(9.00000013411045,0.,0.));
#1907=CARTESIAN_POINT('',(7.50000013411045,-1.83697019872103E-16,0.));
#1908=CARTESIAN_POINT('Origin',(9.00000013411045,0.,0.));
#1909=CARTESIAN_POINT('',(7.50000013411045,-1.83697019872103E-16,6.));
#1910=CARTESIAN_POINT('',(7.50000013411045,-1.83697019872103E-16,0.));
#1911=CARTESIAN_POINT('Origin',(9.00000013411045,0.,6.));
#1912=CARTESIAN_POINT('',(8.25000013411045,1.29903810567666,5.00000007450581));
#1913=CARTESIAN_POINT('Ctrl Pts',(8.25000013411045,1.29903810567666,5.00000007450581));
#1914=CARTESIAN_POINT('Ctrl Pts',(8.25000013411045,1.29903810567666,4.90377127428544));
#1915=CARTESIAN_POINT('Ctrl Pts',(8.26958594575288,1.3108690769647,4.80264612355834));
#1916=CARTESIAN_POINT('Ctrl Pts',(8.34657860180828,1.35089700934551,4.61856330487494));
#1917=CARTESIAN_POINT('Ctrl Pts',(8.40393326301218,1.37827535066163,4.53540677382426));
#1918=CARTESIAN_POINT('Ctrl Pts',(8.53522763175576,1.42789995755287,4.40411240508068));
#1919=CARTESIAN_POINT('Ctrl Pts',(8.61844456552467,1.45369863077961,4.34662626456237));
#1920=CARTESIAN_POINT('Ctrl Pts',(8.80279132749381,1.48994397626299,4.26952714510396));
#1921=CARTESIAN_POINT('Ctrl Pts',(8.90403365827893,1.5,4.25000007450581));
#1922=CARTESIAN_POINT('Ctrl Pts',(9.09596660994197,1.5,4.25000007450581));
#1923=CARTESIAN_POINT('Ctrl Pts',(9.19720894072709,1.48994397626299,4.26952714510396));
#1924=CARTESIAN_POINT('Ctrl Pts',(9.38155570269623,1.45369863077961,4.34662626456237));
#1925=CARTESIAN_POINT('Ctrl Pts',(9.46477263646515,1.42789995755287,4.40411240508068));
#1926=CARTESIAN_POINT('Ctrl Pts',(9.59606700520873,1.37827535066163,4.53540677382426));
#1927=CARTESIAN_POINT('Ctrl Pts',(9.65342166641262,1.35089700934551,4.61856330487494));
#1928=CARTESIAN_POINT('Ctrl Pts',(9.73041432246802,1.3108690769647,4.80264612355834));
#1929=CARTESIAN_POINT('Ctrl Pts',(9.75000013411045,1.29903810567666,4.90377127428544));
#1930=CARTESIAN_POINT('Ctrl Pts',(9.75000013411045,1.29903810567666,5.09622887472617));
#1931=CARTESIAN_POINT('Ctrl Pts',(9.73041432246802,1.3108690769647,5.19735402545327));
#1932=CARTESIAN_POINT('Ctrl Pts',(9.65342166641262,1.35089700934551,5.38143684413667));
#1933=CARTESIAN_POINT('Ctrl Pts',(9.59606700520873,1.37827535066163,5.46459337518735));
#1934=CARTESIAN_POINT('Ctrl Pts',(9.46477263646515,1.42789995755287,5.59588774393093));
#1935=CARTESIAN_POINT('Ctrl Pts',(9.38155570269623,1.45369863077961,5.65337388444924));
#1936=CARTESIAN_POINT('Ctrl Pts',(9.19720894072709,1.48994397626299,5.73047300390765));
#1937=CARTESIAN_POINT('Ctrl Pts',(9.09596660994197,1.5,5.75000007450581));
#1938=CARTESIAN_POINT('Ctrl Pts',(8.90403365827893,1.5,5.75000007450581));
#1939=CARTESIAN_POINT('Ctrl Pts',(8.80279132749381,1.48994397626299,5.73047300390765));
#1940=CARTESIAN_POINT('Ctrl Pts',(8.61844456552467,1.45369863077961,5.65337388444924));
#1941=CARTESIAN_POINT('Ctrl Pts',(8.53522763175575,1.42789995755287,5.59588774393093));
#1942=CARTESIAN_POINT('Ctrl Pts',(8.40393326301218,1.37827535066163,5.46459337518735));
#1943=CARTESIAN_POINT('Ctrl Pts',(8.34657860180828,1.35089700934551,5.38143684413667));
#1944=CARTESIAN_POINT('Ctrl Pts',(8.26958594575288,1.3108690769647,5.19735402545327));
#1945=CARTESIAN_POINT('Ctrl Pts',(8.25000013411045,1.29903810567666,5.09622887472617));
#1946=CARTESIAN_POINT('Ctrl Pts',(8.25000013411045,1.29903810567666,5.00000007450581));
#1947=CARTESIAN_POINT('Origin',(9.00000013411045,0.,6.));
#1948=CARTESIAN_POINT('Origin',(9.00000013411045,0.,5.00000007450581));
#1949=CARTESIAN_POINT('',(8.25000013411045,0.,5.00000007450581));
#1950=CARTESIAN_POINT('Origin',(9.00000013411045,0.,0.));
#1951=CARTESIAN_POINT('',(9.69505674134446,8.97312090226853,9.5));
#1952=CARTESIAN_POINT('',(9.69505674134446,8.97312090226853,0.));
#1953=CARTESIAN_POINT('',(10.8573786173982,8.80625616160509,9.5));
#1954=CARTESIAN_POINT('Origin',(9.00000013411045,0.,9.5));
#1955=CARTESIAN_POINT('',(10.8573786173982,8.80625616160509,0.));
#1956=CARTESIAN_POINT('',(10.8573786173982,8.80625616160509,0.));
#1957=CARTESIAN_POINT('Origin',(9.00000013411045,0.,0.));
#1958=CARTESIAN_POINT('Origin',(8.99803588030143,9.24999979144362,0.));
#1959=CARTESIAN_POINT('',(8.99819514412378,8.4999998083536,10.));
#1960=CARTESIAN_POINT('Ctrl Pts',(8.99819514412378,8.4999998083536,10.0000001341104));
#1961=CARTESIAN_POINT('Ctrl Pts',(8.9103524234482,8.49998115479656,10.0000001341104));
#1962=CARTESIAN_POINT('Ctrl Pts',(8.81971862590924,8.51638149331745,9.98208879578487));
#1963=CARTESIAN_POINT('Ctrl Pts',(8.65729207163732,8.57628884137695,9.91724197496969));
#1964=CARTESIAN_POINT('Ctrl Pts',(8.58527356142272,8.61955225596044,9.87064778799062));
#1965=CARTESIAN_POINT('Ctrl Pts',(8.44419787544938,8.73288531391087,9.74981443427315));
#1966=CARTESIAN_POINT('Ctrl Pts',(8.37680492033749,8.81750312308136,9.66059046981423));
#1967=CARTESIAN_POINT('Ctrl Pts',(8.31943003529444,8.92975727639263,9.54435071054046));
#1968=CARTESIAN_POINT('Ctrl Pts',(8.30973584718104,8.95119386680134,9.52223377207485));
#1969=CARTESIAN_POINT('Ctrl Pts',(8.30113267355823,8.97282490002839,9.5));
#1970=CARTESIAN_POINT('Ctrl Pts',(9.69505674134446,8.97312090226853,9.5));
#1971=CARTESIAN_POINT('Ctrl Pts',(9.68646275527342,8.95148621719423,9.52223377207485));
#1972=CARTESIAN_POINT('Ctrl Pts',(9.67677767222965,8.93004551156302,9.54435071054046));
#1973=CARTESIAN_POINT('Ctrl Pts',(9.61945046709471,8.81776700106012,9.66059046981423));
#1974=CARTESIAN_POINT('Ctrl Pts',(9.55209345554189,8.73312057749598,9.74981443427315));
#1975=CARTESIAN_POINT('Ctrl Pts',(9.41106591523995,8.61972761442671,9.87064778799062));
#1976=CARTESIAN_POINT('Ctrl Pts',(9.33906578564476,8.57643361723045,9.91724197496969));
#1977=CARTESIAN_POINT('Ctrl Pts',(9.17666468888293,8.51645729144498,9.98208879578487));
#1978=CARTESIAN_POINT('Ctrl Pts',(9.08603786479937,8.50001846191063,10.0000001341104));
#1979=CARTESIAN_POINT('Ctrl Pts',(8.99819514412378,8.4999998083536,10.0000001341104));
#1980=CARTESIAN_POINT('Origin',(15.9893972265799,6.0589461363986,0.));
#1981=CARTESIAN_POINT('',(15.4226893542175,5.56768023344736,10.));
#1982=CARTESIAN_POINT('',(15.3235478749145,6.4041194854375,9.5));
#1983=CARTESIAN_POINT('Ctrl Pts',(15.4226893542175,5.56768023344736,10.0000001341104));
#1984=CARTESIAN_POINT('Ctrl Pts',(15.3651505082664,5.634055116726,10.0000001341104));
#1985=CARTESIAN_POINT('Ctrl Pts',(15.3181925419462,5.71329150835892,9.98208879578487));
#1986=CARTESIAN_POINT('Ctrl Pts',(15.2571007222001,5.87527627753271,9.91724197496969));
#1987=CARTESIAN_POINT('Ctrl Pts',(15.2426349348999,5.95803574740015,9.87064778799062));
#1988=CARTESIAN_POINT('Ctrl Pts',(15.2359014179479,6.13887100653592,9.74981443427315));
#1989=CARTESIAN_POINT('Ctrl Pts',(15.255718291164,6.24521608429443,9.66059046981423));
#1990=CARTESIAN_POINT('Ctrl Pts',(15.3029817604192,6.36208796647017,9.54435071054046));
#1991=CARTESIAN_POINT('Ctrl Pts',(15.3128341113532,6.38345232633891,9.52223377207485));
#1992=CARTESIAN_POINT('Ctrl Pts',(15.3235478749145,6.4041194854375,9.5));
#1993=CARTESIAN_POINT('',(16.236597716576,5.35085580477013,9.5));
#1994=CARTESIAN_POINT('Ctrl Pts',(16.236597716576,5.35085580477013,9.5));
#1995=CARTESIAN_POINT('Ctrl Pts',(16.2146194485138,5.34318300033889,9.52223377207485));
#1996=CARTESIAN_POINT('Ctrl Pts',(16.1920732637688,5.33646182150086,9.54435071054046));
#1997=CARTESIAN_POINT('Ctrl Pts',(16.0696774916174,5.30626004458629,9.66059046981423));
#1998=CARTESIAN_POINT('Ctrl Pts',(15.9615965310163,5.30173345833605,9.74981443427315));
#1999=CARTESIAN_POINT('Ctrl Pts',(15.7835464488933,5.3340583628717,9.87064778799062));
#2000=CARTESIAN_POINT('Ctrl Pts',(15.7036769712293,5.36012089138734,9.91724197496969));
#2001=CARTESIAN_POINT('Ctrl Pts',(15.5519997871266,5.44357931041655,9.98208879578487));
#2002=CARTESIAN_POINT('Ctrl Pts',(15.4802282001687,5.50130535016872,10.0000001341104));
#2003=CARTESIAN_POINT('Ctrl Pts',(15.4226893542175,5.56768023344736,10.0000001341104));
#2004=CARTESIAN_POINT('',(16.236597716576,5.35085580477013,0.));
#2005=CARTESIAN_POINT('',(16.236597716576,5.35085580477013,0.));
#2006=CARTESIAN_POINT('',(15.3235478749145,6.4041194854375,0.));
#2007=CARTESIAN_POINT('Origin',(15.9893972265799,6.0589461363986,0.));
#2008=CARTESIAN_POINT('',(15.3235478749145,6.4041194854375,0.));
#2009=CARTESIAN_POINT('Origin',(17.4149118819518,-3.84080203551831,0.));
#2010=CARTESIAN_POINT('',(16.7326217402349,-3.52938565426007,10.));
#2011=CARTESIAN_POINT('',(17.4522887871019,-3.09173396987848,9.5));
#2012=CARTESIAN_POINT('Ctrl Pts',(16.7326217402349,-3.52938565426007,10.0000001341105));
#2013=CARTESIAN_POINT('Ctrl Pts',(16.7690959573142,-3.44947335600693,10.0000001341105));
#2014=CARTESIAN_POINT('Ctrl Pts',(16.8216648701505,-3.37384290074491,9.98208879578487));
#2015=CARTESIAN_POINT('Ctrl Pts',(16.943632939857,-3.25098092185703,9.91724197496969));
#2016=CARTESIAN_POINT('Ctrl Pts',(17.0129042963476,-3.20344285263976,9.87064778799063));
#2017=CARTESIAN_POINT('Ctrl Pts',(17.1746006299135,-3.12219614865384,9.74981443427315));
#2018=CARTESIAN_POINT('Ctrl Pts',(17.2795677418359,-3.09604486871933,9.66059046981423));
#2019=CARTESIAN_POINT('Ctrl Pts',(17.4055120999154,-3.0904868981117,9.54435071054046));
#2020=CARTESIAN_POINT('Ctrl Pts',(17.4290386197036,-3.09057383591812,9.52223377207485));
#2021=CARTESIAN_POINT('Ctrl Pts',(17.4522887871019,-3.09173396987848,9.5));
#2022=CARTESIAN_POINT('',(16.8735010554672,-4.359814864806,9.5));
#2023=CARTESIAN_POINT('Ctrl Pts',(16.8735010554672,-4.359814864806,9.5));
#2024=CARTESIAN_POINT('Ctrl Pts',(16.8573915245496,-4.34301012712671,9.52223377207485));
#2025=CARTESIAN_POINT('Ctrl Pts',(16.841911701603,-4.32529347470387,9.54435071054046));
#2026=CARTESIAN_POINT('Ctrl Pts',(16.7635941577253,-4.22650463580848,9.66059046981423));
#2027=CARTESIAN_POINT('Ctrl Pts',(16.714578176389,-4.13007114784312,9.74981443427315));
#2028=CARTESIAN_POINT('Ctrl Pts',(16.6700172666213,-3.95468284573058,9.87064778799063));
#2029=CARTESIAN_POINT('Ctrl Pts',(16.6605455963367,-3.87120424777293,9.91724197496969));
#2030=CARTESIAN_POINT('Ctrl Pts',(16.6734530651613,-3.69856394792173,9.98208879578487));
#2031=CARTESIAN_POINT('Ctrl Pts',(16.6961475231557,-3.60929795251321,10.0000001341105));
#2032=CARTESIAN_POINT('Ctrl Pts',(16.7326217402349,-3.52938565426007,10.0000001341105));
#2033=CARTESIAN_POINT('',(16.8735010554672,-4.359814864806,0.));
#2034=CARTESIAN_POINT('',(16.8735010554672,-4.359814864806,0.));
#2035=CARTESIAN_POINT('',(17.4522887871019,-3.09173396987848,0.));
#2036=CARTESIAN_POINT('Origin',(17.4149118819518,-3.84080203551831,0.));
#2037=CARTESIAN_POINT('',(17.4522887871019,-3.09173396987848,0.));
#2038=CARTESIAN_POINT('Origin',(9.00196438791947,-9.24999979144362,0.));
#2039=CARTESIAN_POINT('',(9.00180512409712,-8.4999998083536,10.));
#2040=CARTESIAN_POINT('',(9.69886759466267,-8.97282490002839,9.5));
#2041=CARTESIAN_POINT('Ctrl Pts',(9.00180512409712,-8.4999998083536,10.0000001341104));
#2042=CARTESIAN_POINT('Ctrl Pts',(9.0896478447727,-8.49998115479656,10.0000001341104));
#2043=CARTESIAN_POINT('Ctrl Pts',(9.18028164231166,-8.51638149331745,9.98208879578487));
#2044=CARTESIAN_POINT('Ctrl Pts',(9.34270819658358,-8.57628884137695,9.91724197496969));
#2045=CARTESIAN_POINT('Ctrl Pts',(9.41472670679818,-8.61955225596044,9.87064778799063));
#2046=CARTESIAN_POINT('Ctrl Pts',(9.55580239277153,-8.73288531391087,9.74981443427315));
#2047=CARTESIAN_POINT('Ctrl Pts',(9.62319534788341,-8.81750312308136,9.66059046981423));
#2048=CARTESIAN_POINT('Ctrl Pts',(9.68057023292646,-8.92975727639263,9.54435071054046));
#2049=CARTESIAN_POINT('Ctrl Pts',(9.69026442103986,-8.95119386680134,9.52223377207485));
#2050=CARTESIAN_POINT('Ctrl Pts',(9.69886759466267,-8.97282490002839,9.5));
#2051=CARTESIAN_POINT('',(8.30494352687644,-8.97312090226853,9.5));
#2052=CARTESIAN_POINT('Ctrl Pts',(8.30494352687644,-8.97312090226853,9.5));
#2053=CARTESIAN_POINT('Ctrl Pts',(8.31353751294748,-8.95148621719423,9.52223377207485));
#2054=CARTESIAN_POINT('Ctrl Pts',(8.32322259599126,-8.93004551156302,9.54435071054046));
#2055=CARTESIAN_POINT('Ctrl Pts',(8.38054980112619,-8.81776700106012,9.66059046981423));
#2056=CARTESIAN_POINT('Ctrl Pts',(8.44790681267901,-8.73312057749598,9.74981443427315));
#2057=CARTESIAN_POINT('Ctrl Pts',(8.58893435298095,-8.61972761442671,9.87064778799062));
#2058=CARTESIAN_POINT('Ctrl Pts',(8.66093448257614,-8.57643361723045,9.91724197496969));
#2059=CARTESIAN_POINT('Ctrl Pts',(8.82333557933797,-8.51645729144498,9.98208879578487));
#2060=CARTESIAN_POINT('Ctrl Pts',(8.91396240342153,-8.50001846191063,10.0000001341104));
#2061=CARTESIAN_POINT('Ctrl Pts',(9.00180512409712,-8.4999998083536,10.0000001341104));
#2062=CARTESIAN_POINT('',(8.30494352687644,-8.97312090226853,0.));
#2063=CARTESIAN_POINT('',(8.30494352687644,-8.97312090226853,0.));
#2064=CARTESIAN_POINT('',(9.69886759466267,-8.97282490002839,0.));
#2065=CARTESIAN_POINT('Origin',(9.00196438791947,-9.24999979144362,0.));
#2066=CARTESIAN_POINT('',(9.69886759466267,-8.97282490002839,0.));
#2067=CARTESIAN_POINT('Origin',(0.586720347312326,-3.84437553174168,0.));
#2068=CARTESIAN_POINT('',(1.26887816786353,-3.53266940754641,10.));
#2069=CARTESIAN_POINT('',(1.12835155154282,-4.3631583751394,9.5));
#2070=CARTESIAN_POINT('Ctrl Pts',(1.26887816786353,-3.53266940754641,10.0000001341104));
#2071=CARTESIAN_POINT('Ctrl Pts',(1.3053863206874,-3.61256620786427,10.0000001341104));
#2072=CARTESIAN_POINT('Ctrl Pts',(1.32811868821721,-3.70182255680608,9.98208879578487));
#2073=CARTESIAN_POINT('Ctrl Pts',(1.34109947682017,-3.87445735924005,9.91724197496969));
#2074=CARTESIAN_POINT('Ctrl Pts',(1.33166326104392,-3.95793997232073,9.87064778799063));
#2075=CARTESIAN_POINT('Ctrl Pts',(1.2871768433237,-4.13334718379069,9.74981443427315));
#2076=CARTESIAN_POINT('Ctrl Pts',(1.23820182204946,-4.2298014803187,9.66059046981423));
#2077=CARTESIAN_POINT('Ctrl Pts',(1.15992624120224,-4.32862357204096,9.54435071054046));
#2078=CARTESIAN_POINT('Ctrl Pts',(1.14445394397634,-4.34634679720125,9.52223377207485));
#2079=CARTESIAN_POINT('Ctrl Pts',(1.12835155154282,-4.3631583751394,9.5));
#2080=CARTESIAN_POINT('',(0.549025313691423,-3.09532340776076,9.5));
#2081=CARTESIAN_POINT('Ctrl Pts',(0.549025313691423,-3.09532340776076,9.5));
#2082=CARTESIAN_POINT('Ctrl Pts',(0.572274986279872,-3.09415339947718,9.52223377207485));
#2083=CARTESIAN_POINT('Ctrl Pts',(0.595801467023549,-3.09405646988291,9.54435071054046));
#2084=CARTESIAN_POINT('Ctrl Pts',(0.721748174234226,-3.0995609509775,9.66059046981423));
#2085=CARTESIAN_POINT('Ctrl Pts',(0.826726383230481,-3.12566764865194,9.74981443427315));
#2086=CARTESIAN_POINT('Ctrl Pts',(0.988457207974498,-3.206845672309,9.87064778799063));
#2087=CARTESIAN_POINT('Ctrl Pts',(1.05774874780293,-3.25435431745026,9.91724197496969));
#2088=CARTESIAN_POINT('Ctrl Pts',(1.17976898642404,-3.37716448498952,9.98208879578487));
#2089=CARTESIAN_POINT('Ctrl Pts',(1.23237001503965,-3.45277260722854,10.0000001341104));
#2090=CARTESIAN_POINT('Ctrl Pts',(1.26887816786353,-3.53266940754641,10.0000001341104));
#2091=CARTESIAN_POINT('',(0.549025313691423,-3.09532340776076,0.));
#2092=CARTESIAN_POINT('',(0.549025313691423,-3.09532340776076,0.));
#2093=CARTESIAN_POINT('',(1.12835155154282,-4.3631583751394,0.));
#2094=CARTESIAN_POINT('Origin',(0.586720347312326,-3.84437553174168,0.));
#2095=CARTESIAN_POINT('',(1.12835155154282,-4.3631583751394,0.));
#2096=CARTESIAN_POINT('Origin',(2.00803041625893,6.05597716843841,0.));
#2097=CARTESIAN_POINT('',(2.57494687986851,5.56495199261908,10.));
#2098=CARTESIAN_POINT('',(1.761130677011,5.34778191375274,9.5));
#2099=CARTESIAN_POINT('Ctrl Pts',(2.57494687986851,5.56495199261908,10.0000001341104));
#2100=CARTESIAN_POINT('Ctrl Pts',(2.51743622875293,5.49855267837634,10.0000001341104));
#2101=CARTESIAN_POINT('Ctrl Pts',(2.4456891647199,5.4407961621849,9.98208879578487));
#2102=CARTESIAN_POINT('Ctrl Pts',(2.29404743938052,5.35727333284903,9.91724197496969));
#2103=CARTESIAN_POINT('Ctrl Pts',(2.21418903776716,5.33117688583584,9.87064778799062));
#2104=CARTESIAN_POINT('Ctrl Pts',(2.03615270020252,5.29877636571943,9.74981443427315));
#2105=CARTESIAN_POINT('Ctrl Pts',(1.92806982689182,5.30325704919738,9.66059046981423));
#2106=CARTESIAN_POINT('Ctrl Pts',(1.80566123897801,5.33340684147329,9.54435071054046));
#2107=CARTESIAN_POINT('Ctrl Pts',(1.78311220175808,5.34011844426122,9.52223377207485));
#2108=CARTESIAN_POINT('Ctrl Pts',(1.761130677011,5.34778191375274,9.5));
#2109=CARTESIAN_POINT('',(2.67373311153849,6.40143327490857,9.5));
#2110=CARTESIAN_POINT('Ctrl Pts',(2.67373311153849,6.40143327490857,9.5));
#2111=CARTESIAN_POINT('Ctrl Pts',(2.68445565154869,6.38077066784694,9.52223377207485));
#2112=CARTESIAN_POINT('Ctrl Pts',(2.69431707511296,6.35941049423306,9.54435071054045));
#2113=CARTESIAN_POINT('Ctrl Pts',(2.74163017600496,6.2425586955592,9.66059046981423));
#2114=CARTESIAN_POINT('Ctrl Pts',(2.76149221256233,6.13622204368733,9.74981443427315));
#2115=CARTESIAN_POINT('Ctrl Pts',(2.75483549758807,5.95538394111214,9.87064778799062));
#2116=CARTESIAN_POINT('Ctrl Pts',(2.74040485983038,5.87261833503775,9.91724197496969));
#2117=CARTESIAN_POINT('Ctrl Pts',(2.67938184109511,5.71060763456212,9.98208879578487));
#2118=CARTESIAN_POINT('Ctrl Pts',(2.63245753098408,5.63135130686183,10.0000001341104));
#2119=CARTESIAN_POINT('Ctrl Pts',(2.57494687986851,5.56495199261908,10.0000001341104));
#2120=CARTESIAN_POINT('',(2.67373311153849,6.40143327490857,0.));
#2121=CARTESIAN_POINT('',(2.67373311153849,6.40143327490857,0.));
#2122=CARTESIAN_POINT('',(1.761130677011,5.34778191375274,0.));
#2123=CARTESIAN_POINT('Origin',(2.00803041625893,6.05597716843841,0.));
#2124=CARTESIAN_POINT('',(1.761130677011,5.34778191375274,0.));
#2125=CARTESIAN_POINT('Origin',(0.5850883862691,3.84080203551831,0.));
#2126=CARTESIAN_POINT('',(1.26737852798597,3.52938565426007,10.));
#2127=CARTESIAN_POINT('',(0.547711481119028,3.09173396987848,9.5));
#2128=CARTESIAN_POINT('Ctrl Pts',(1.26737852798597,3.52938565426007,10.0000001341104));
#2129=CARTESIAN_POINT('Ctrl Pts',(1.2309043109067,3.44947335600693,10.0000001341104));
#2130=CARTESIAN_POINT('Ctrl Pts',(1.1783353980704,3.37384290074491,9.98208879578487));
#2131=CARTESIAN_POINT('Ctrl Pts',(1.05636732836392,3.25098092185703,9.91724197496969));
#2132=CARTESIAN_POINT('Ctrl Pts',(0.987095971873315,3.20344285263976,9.87064778799062));
#2133=CARTESIAN_POINT('Ctrl Pts',(0.825399638307368,3.12219614865384,9.74981443427315));
#2134=CARTESIAN_POINT('Ctrl Pts',(0.720432526385047,3.09604486871934,9.66059046981423));
#2135=CARTESIAN_POINT('Ctrl Pts',(0.594488168305546,3.0904868981117,9.54435071054046));
#2136=CARTESIAN_POINT('Ctrl Pts',(0.570961648517302,3.09057383591812,9.52223377207485));
#2137=CARTESIAN_POINT('Ctrl Pts',(0.547711481119028,3.09173396987848,9.5));
#2138=CARTESIAN_POINT('',(1.12649921275375,4.359814864806,9.5));
#2139=CARTESIAN_POINT('Ctrl Pts',(1.12649921275375,4.359814864806,9.5));
#2140=CARTESIAN_POINT('Ctrl Pts',(1.14260874367132,4.34301012712671,9.52223377207485));
#2141=CARTESIAN_POINT('Ctrl Pts',(1.15808856661789,4.32529347470387,9.54435071054046));
#2142=CARTESIAN_POINT('Ctrl Pts',(1.23640611049558,4.22650463580849,9.66059046981423));
#2143=CARTESIAN_POINT('Ctrl Pts',(1.28542209183188,4.13007114784312,9.74981443427315));
#2144=CARTESIAN_POINT('Ctrl Pts',(1.32998300159958,3.95468284573058,9.87064778799063));
#2145=CARTESIAN_POINT('Ctrl Pts',(1.33945467188417,3.87120424777294,9.91724197496969));
#2146=CARTESIAN_POINT('Ctrl Pts',(1.3265472030596,3.69856394792173,9.98208879578487));
#2147=CARTESIAN_POINT('Ctrl Pts',(1.30385274506523,3.60929795251321,10.0000001341104));
#2148=CARTESIAN_POINT('Ctrl Pts',(1.26737852798597,3.52938565426007,10.0000001341104));
#2149=CARTESIAN_POINT('',(1.12649921275375,4.359814864806,0.));
#2150=CARTESIAN_POINT('',(1.12649921275375,4.359814864806,0.));
#2151=CARTESIAN_POINT('',(0.547711481119027,3.09173396987848,0.));
#2152=CARTESIAN_POINT('Origin',(0.5850883862691,3.84080203551831,0.));
#2153=CARTESIAN_POINT('',(0.547711481119027,3.09173396987848,0.));
#2154=CARTESIAN_POINT('Origin',(2.01060304164099,-6.05894613639859,0.));
#2155=CARTESIAN_POINT('',(2.57731091400338,-5.56768023344736,10.));
#2156=CARTESIAN_POINT('',(2.67645239330641,-6.4041194854375,9.5));
#2157=CARTESIAN_POINT('Ctrl Pts',(2.57731091400338,-5.56768023344736,10.0000001341105));
#2158=CARTESIAN_POINT('Ctrl Pts',(2.63484975995453,-5.634055116726,10.0000001341105));
#2159=CARTESIAN_POINT('Ctrl Pts',(2.68180772627471,-5.71329150835892,9.98208879578487));
#2160=CARTESIAN_POINT('Ctrl Pts',(2.74289954602077,-5.87527627753271,9.91724197496969));
#2161=CARTESIAN_POINT('Ctrl Pts',(2.75736533332097,-5.95803574740015,9.87064778799063));
#2162=CARTESIAN_POINT('Ctrl Pts',(2.764098850273,-6.13887100653592,9.74981443427315));
#2163=CARTESIAN_POINT('Ctrl Pts',(2.74428197705692,-6.24521608429443,9.66059046981423));
#2164=CARTESIAN_POINT('Ctrl Pts',(2.69701850780175,-6.36208796647017,9.54435071054046));
#2165=CARTESIAN_POINT('Ctrl Pts',(2.6871661568677,-6.38345232633891,9.52223377207485));
#2166=CARTESIAN_POINT('Ctrl Pts',(2.67645239330641,-6.4041194854375,9.5));
#2167=CARTESIAN_POINT('',(1.76340255164492,-5.35085580477013,9.5));
#2168=CARTESIAN_POINT('Ctrl Pts',(1.76340255164492,-5.35085580477013,9.5));
#2169=CARTESIAN_POINT('Ctrl Pts',(1.78538081970712,-5.34318300033889,9.52223377207485));
#2170=CARTESIAN_POINT('Ctrl Pts',(1.80792700445212,-5.33646182150085,9.54435071054046));
#2171=CARTESIAN_POINT('Ctrl Pts',(1.93032277660352,-5.30626004458629,9.66059046981423));
#2172=CARTESIAN_POINT('Ctrl Pts',(2.03840373720457,-5.30173345833605,9.74981443427315));
#2173=CARTESIAN_POINT('Ctrl Pts',(2.21645381932756,-5.3340583628717,9.87064778799063));
#2174=CARTESIAN_POINT('Ctrl Pts',(2.2963232969916,-5.36012089138734,9.91724197496969));
#2175=CARTESIAN_POINT('Ctrl Pts',(2.44800048109427,-5.44357931041655,9.98208879578487));
#2176=CARTESIAN_POINT('Ctrl Pts',(2.51977206805222,-5.50130535016871,10.0000001341105));
#2177=CARTESIAN_POINT('Ctrl Pts',(2.57731091400338,-5.56768023344736,10.0000001341105));
#2178=CARTESIAN_POINT('',(1.76340255164492,-5.35085580477013,0.));
#2179=CARTESIAN_POINT('',(1.76340255164492,-5.35085580477013,0.));
#2180=CARTESIAN_POINT('',(2.67645239330641,-6.4041194854375,0.));
#2181=CARTESIAN_POINT('Origin',(2.01060304164099,-6.05894613639859,0.));
#2182=CARTESIAN_POINT('',(2.67645239330641,-6.4041194854375,0.));
#2183=CARTESIAN_POINT('Origin',(11.6079109138647,-8.87475641157782,0.));
#2184=CARTESIAN_POINT('',(11.3964586884792,-8.15518156739583,10.));
#2185=CARTESIAN_POINT('',(12.1984954531736,-8.41246872849579,9.5));
#2186=CARTESIAN_POINT('Ctrl Pts',(11.3964586884792,-8.15518156739583,10.0000001341104));
#2187=CARTESIAN_POINT('Ctrl Pts',(11.4807379064363,-8.13041551514309,10.0000001341104));
#2188=CARTESIAN_POINT('Ctrl Pts',(11.5723209076515,-8.12061703320188,9.98208879578487));
#2189=CARTESIAN_POINT('Ctrl Pts',(11.7450458955462,-8.13233686429888,9.91724197496969));
#2190=CARTESIAN_POINT('Ctrl Pts',(11.8263358624756,-8.15355784758363,9.87064778799062));
#2191=CARTESIAN_POINT('Ctrl Pts',(11.9936266041059,-8.22255450664789,9.74981443427315));
#2192=CARTESIAN_POINT('Ctrl Pts',(12.0821292627388,-8.28475791043286,9.66059046981423));
#2193=CARTESIAN_POINT('Ctrl Pts',(12.168805711428,-8.3763006087324,9.54435071054046));
#2194=CARTESIAN_POINT('Ctrl Pts',(12.1841466022335,-8.39413769820412,9.52223377207485));
#2195=CARTESIAN_POINT('Ctrl Pts',(12.1984954531736,-8.41246872849579,9.5));
#2196=CARTESIAN_POINT('',(10.8611184978485,-8.8054665322256,9.5));
#2197=CARTESIAN_POINT('Ctrl Pts',(10.8611184978485,-8.8054665322256,9.5));
#2198=CARTESIAN_POINT('Ctrl Pts',(10.8632691719565,-8.78228699824119,9.52223377207485));
#2199=CARTESIAN_POINT('Ctrl Pts',(10.8665213962679,-8.75898618862957,9.54435071054046));
#2200=CARTESIAN_POINT('Ctrl Pts',(10.8898939349495,-8.6351048066349,9.66059046981423));
#2201=CARTESIAN_POINT('Ctrl Pts',(10.9306748609199,-8.53491049489753,9.74981443427315));
#2202=CARTESIAN_POINT('Ctrl Pts',(11.0340433055125,-8.38637869406092,9.87064778799062));
#2203=CARTESIAN_POINT('Ctrl Pts',(11.0909295954324,-8.32455362734765,9.91724197496969));
#2204=CARTESIAN_POINT('Ctrl Pts',(11.2298550230692,-8.22125308794872,9.98208879578487));
#2205=CARTESIAN_POINT('Ctrl Pts',(11.3121794705221,-8.17994761964858,10.0000001341104));
#2206=CARTESIAN_POINT('Ctrl Pts',(11.3964586884792,-8.15518156739583,10.0000001341104));
#2207=CARTESIAN_POINT('',(10.8611184978485,-8.8054665322256,0.));
#2208=CARTESIAN_POINT('',(10.8611184978485,-8.8054665322256,0.));
#2209=CARTESIAN_POINT('',(12.1984954531736,-8.41246872849579,0.));
#2210=CARTESIAN_POINT('Origin',(11.6079109138647,-8.87475641157782,0.));
#2211=CARTESIAN_POINT('',(12.1984954531736,-8.41246872849579,0.));
#2212=CARTESIAN_POINT('Origin',(18.1561278075387,-1.31446796380975,0.));
#2213=CARTESIAN_POINT('',(17.4137390772607,-1.20788948025761,10.));
#2214=CARTESIAN_POINT('',(17.9809538240246,-0.58521212701458,9.5));
#2215=CARTESIAN_POINT('Ctrl Pts',(17.4137390772607,-1.20788948025761,10.0000001341105));
#2216=CARTESIAN_POINT('Ctrl Pts',(17.4262219361564,-1.12093821714181,10.0000001341105));
#2217=CARTESIAN_POINT('Ctrl Pts',(17.4553538771173,-1.03356095250288,9.98208879578487));
#2218=CARTESIAN_POINT('Ctrl Pts',(17.5377671635554,-0.881313370904169,9.91724197496969));
#2219=CARTESIAN_POINT('Ctrl Pts',(17.5908395215929,-0.81618493113103,9.87064778799063));
#2220=CARTESIAN_POINT('Ctrl Pts',(17.7230961758598,-0.692674168039786,9.74981443427315));
#2221=CARTESIAN_POINT('Ctrl Pts',(17.8164437152493,-0.638009545865465,9.66059046981423));
#2222=CARTESIAN_POINT('Ctrl Pts',(17.9357205806228,-0.597194086098392,9.54435071054046));
#2223=CARTESIAN_POINT('Ctrl Pts',(17.9583186042637,-0.590649315739272,9.52223377207485));
#2224=CARTESIAN_POINT('Ctrl Pts',(17.9809538240246,-0.58521212701458,9.5));
#2225=CARTESIAN_POINT('',(17.7828707351165,-1.96499018317422,9.5));
#2226=CARTESIAN_POINT('Ctrl Pts',(17.7828707351165,-1.96499018317422,9.5));
#2227=CARTESIAN_POINT('Ctrl Pts',(17.7626793116795,-1.95340473478244,9.52223377207485));
#2228=CARTESIAN_POINT('Ctrl Pts',(17.7428351725437,-1.94076690136493,9.54435071054046));
#2229=CARTESIAN_POINT('Ctrl Pts',(17.6398580073129,-1.86804430645548,9.66059046981423));
#2230=CARTESIAN_POINT('Ctrl Pts',(17.5656590644963,-1.78932645007954,9.74981443427315));
#2231=CARTESIAN_POINT('Ctrl Pts',(17.4734905898821,-1.63359686559242,9.87064778799063));
#2232=CARTESIAN_POINT('Ctrl Pts',(17.4408839499515,-1.5561682152917,9.91724197496969));
#2233=CARTESIAN_POINT('Ctrl Pts',(17.4046301825048,-1.38688460642748,9.98208879578487));
#2234=CARTESIAN_POINT('Ctrl Pts',(17.401256218365,-1.29484074337341,10.0000001341105));
#2235=CARTESIAN_POINT('Ctrl Pts',(17.4137390772607,-1.20788948025761,10.0000001341105));
#2236=CARTESIAN_POINT('',(17.7828707351165,-1.96499018317422,0.));
#2237=CARTESIAN_POINT('',(17.7828707351165,-1.96499018317422,0.));
#2238=CARTESIAN_POINT('',(17.9809538240246,-0.58521212701458,0.));
#2239=CARTESIAN_POINT('Origin',(18.1561278075387,-1.31446796380975,0.));
#2240=CARTESIAN_POINT('',(17.9809538240246,-0.58521212701458,0.));
#2241=CARTESIAN_POINT('Origin',(13.9992751473644,7.78265695902463,0.));
#2242=CARTESIAN_POINT('',(13.5939285246682,7.15163071910372,10.));
#2243=CARTESIAN_POINT('',(13.2631508027774,7.92625692179054,9.5));
#2244=CARTESIAN_POINT('Ctrl Pts',(13.5939285246682,7.15163071910372,10.0000001341105));
#2245=CARTESIAN_POINT('Ctrl Pts',(13.520020440692,7.19910638704653,10.0000001341105));
#2246=CARTESIAN_POINT('Ctrl Pts',(13.4526411307429,7.26190356015743,9.98208879578487));
#2247=CARTESIAN_POINT('Ctrl Pts',(13.3483875757626,7.40011525343309,9.91724197496969));
#2248=CARTESIAN_POINT('Ctrl Pts',(13.3111917174416,7.47544690002815,9.87064778799063));
#2249=CARTESIAN_POINT('Ctrl Pts',(13.253783775315,7.64706000960325,9.74981443427315));
#2250=CARTESIAN_POINT('Ctrl Pts',(13.2428370552605,7.7546804228508,9.66059046981423));
#2251=CARTESIAN_POINT('Ctrl Pts',(13.2552594077312,7.88013383064997,9.54435071054046));
#2252=CARTESIAN_POINT('Ctrl Pts',(13.2586936334949,7.90340851184935,9.52223377207485));
#2253=CARTESIAN_POINT('Ctrl Pts',(13.2631508027774,7.92625692179054,9.5));
#2254=CARTESIAN_POINT('',(14.4359543801941,7.17289368724181,9.5));
#2255=CARTESIAN_POINT('Ctrl Pts',(14.4359543801941,7.17289368724181,9.5));
#2256=CARTESIAN_POINT('Ctrl Pts',(14.4170280652268,7.15933969164601,9.52223377207485));
#2257=CARTESIAN_POINT('Ctrl Pts',(14.3972887342811,7.14653877350128,9.54435071054046));
#2258=CARTESIAN_POINT('Ctrl Pts',(14.288359674733,7.08307750692629,9.66059046981423));
#2259=CARTESIAN_POINT('Ctrl Pts',(14.1859320391729,7.04828435384871,9.74981443427315));
#2260=CARTESIAN_POINT('Ctrl Pts',(14.0059872584199,7.02913736774108,9.87064778799062));
#2261=CARTESIAN_POINT('Ctrl Pts',(13.9220103929985,7.03164234857059,9.91724197496969));
#2262=CARTESIAN_POINT('Ctrl Pts',(13.7529642468113,7.06898771432634,9.98208879578487));
#2263=CARTESIAN_POINT('Ctrl Pts',(13.6678366086443,7.1041550511609,10.0000001341105));
#2264=CARTESIAN_POINT('Ctrl Pts',(13.5939285246682,7.15163071910372,10.0000001341105));
#2265=CARTESIAN_POINT('',(14.4359543801941,7.17289368724181,0.));
#2266=CARTESIAN_POINT('',(14.4359543801941,7.17289368724181,0.));
#2267=CARTESIAN_POINT('',(13.2631508027774,7.92625692179054,0.));
#2268=CARTESIAN_POINT('Origin',(13.9992751473644,7.78265695902463,0.));
#2269=CARTESIAN_POINT('',(13.2631508027774,7.92625692179054,0.));
#2270=CARTESIAN_POINT('Origin',(17.4132799209086,3.84437553174168,0.));
#2271=CARTESIAN_POINT('',(16.7311221003574,3.53266940754641,10.));
#2272=CARTESIAN_POINT('',(16.8716487166781,4.3631583751394,9.5));
#2273=CARTESIAN_POINT('Ctrl Pts',(16.7311221003574,3.53266940754641,10.0000001341104));
#2274=CARTESIAN_POINT('Ctrl Pts',(16.6946139475335,3.61256620786427,10.0000001341104));
#2275=CARTESIAN_POINT('Ctrl Pts',(16.6718815800037,3.70182255680608,9.98208879578487));
#2276=CARTESIAN_POINT('Ctrl Pts',(16.6589007914007,3.87445735924005,9.91724197496969));
#2277=CARTESIAN_POINT('Ctrl Pts',(16.668337007177,3.95793997232073,9.87064778799062));
#2278=CARTESIAN_POINT('Ctrl Pts',(16.7128234248972,4.13334718379069,9.74981443427315));
#2279=CARTESIAN_POINT('Ctrl Pts',(16.7617984461714,4.2298014803187,9.66059046981423));
#2280=CARTESIAN_POINT('Ctrl Pts',(16.8400740270187,4.32862357204096,9.54435071054046));
#2281=CARTESIAN_POINT('Ctrl Pts',(16.8555463242446,4.34634679720124,9.52223377207485));
#2282=CARTESIAN_POINT('Ctrl Pts',(16.8716487166781,4.3631583751394,9.5));
#2283=CARTESIAN_POINT('',(17.4509749545295,3.09532340776076,9.5));
#2284=CARTESIAN_POINT('Ctrl Pts',(17.4509749545295,3.09532340776076,9.5));
#2285=CARTESIAN_POINT('Ctrl Pts',(17.427725281941,3.09415339947717,9.52223377207485));
#2286=CARTESIAN_POINT('Ctrl Pts',(17.4041988011974,3.0940564698829,9.54435071054046));
#2287=CARTESIAN_POINT('Ctrl Pts',(17.2782520939867,3.0995609509775,9.66059046981423));
#2288=CARTESIAN_POINT('Ctrl Pts',(17.1732738849904,3.12566764865194,9.74981443427315));
#2289=CARTESIAN_POINT('Ctrl Pts',(17.0115430602464,3.206845672309,9.87064778799063));
#2290=CARTESIAN_POINT('Ctrl Pts',(16.942251520418,3.25435431745026,9.91724197496969));
#2291=CARTESIAN_POINT('Ctrl Pts',(16.8202312817969,3.37716448498952,9.98208879578487));
#2292=CARTESIAN_POINT('Ctrl Pts',(16.7676302531813,3.45277260722854,10.0000001341104));
#2293=CARTESIAN_POINT('Ctrl Pts',(16.7311221003574,3.53266940754641,10.0000001341104));
#2294=CARTESIAN_POINT('',(17.4509749545295,3.09532340776076,0.));
#2295=CARTESIAN_POINT('',(17.4509749545295,3.09532340776076,0.));
#2296=CARTESIAN_POINT('',(16.8716487166781,4.3631583751394,0.));
#2297=CARTESIAN_POINT('Origin',(17.4132799209086,3.84437553174168,0.));
#2298=CARTESIAN_POINT('',(16.8716487166781,4.3631583751394,0.));
#2299=CARTESIAN_POINT('Origin',(15.991969851962,-6.05597716843841,0.));
#2300=CARTESIAN_POINT('',(15.4250533883524,-5.56495199261908,10.));
#2301=CARTESIAN_POINT('',(16.2388695912099,-5.34778191375274,9.5));
#2302=CARTESIAN_POINT('Ctrl Pts',(15.4250533883524,-5.56495199261908,10.0000001341105));
#2303=CARTESIAN_POINT('Ctrl Pts',(15.482564039468,-5.49855267837634,10.0000001341105));
#2304=CARTESIAN_POINT('Ctrl Pts',(15.554311103501,-5.44079616218491,9.98208879578487));
#2305=CARTESIAN_POINT('Ctrl Pts',(15.7059528288404,-5.35727333284903,9.91724197496969));
#2306=CARTESIAN_POINT('Ctrl Pts',(15.7858112304537,-5.33117688583584,9.87064778799063));
#2307=CARTESIAN_POINT('Ctrl Pts',(15.9638475680184,-5.29877636571943,9.74981443427315));
#2308=CARTESIAN_POINT('Ctrl Pts',(16.0719304413291,-5.30325704919738,9.66059046981423));
#2309=CARTESIAN_POINT('Ctrl Pts',(16.1943390292429,-5.33340684147329,9.54435071054046));
#2310=CARTESIAN_POINT('Ctrl Pts',(16.2168880664628,-5.34011844426122,9.52223377207485));
#2311=CARTESIAN_POINT('Ctrl Pts',(16.2388695912099,-5.34778191375274,9.5));
#2312=CARTESIAN_POINT('',(15.3262671566824,-6.40143327490857,9.5));
#2313=CARTESIAN_POINT('Ctrl Pts',(15.3262671566824,-6.40143327490857,9.5));
#2314=CARTESIAN_POINT('Ctrl Pts',(15.3155446166722,-6.38077066784694,9.52223377207485));
#2315=CARTESIAN_POINT('Ctrl Pts',(15.3056831931079,-6.35941049423306,9.54435071054046));
#2316=CARTESIAN_POINT('Ctrl Pts',(15.2583700922159,-6.2425586955592,9.66059046981423));
#2317=CARTESIAN_POINT('Ctrl Pts',(15.2385080556586,-6.13622204368733,9.74981443427315));
#2318=CARTESIAN_POINT('Ctrl Pts',(15.2451647706328,-5.95538394111214,9.87064778799063));
#2319=CARTESIAN_POINT('Ctrl Pts',(15.2595954083905,-5.87261833503775,9.91724197496969));
#2320=CARTESIAN_POINT('Ctrl Pts',(15.3206184271258,-5.71060763456212,9.98208879578487));
#2321=CARTESIAN_POINT('Ctrl Pts',(15.3675427372368,-5.63135130686182,10.0000001341105));
#2322=CARTESIAN_POINT('Ctrl Pts',(15.4250533883524,-5.56495199261908,10.0000001341105));
#2323=CARTESIAN_POINT('',(15.3262671566824,-6.40143327490857,0.));
#2324=CARTESIAN_POINT('',(15.3262671566824,-6.40143327490857,0.));
#2325=CARTESIAN_POINT('',(16.2388695912099,-5.34778191375274,0.));
#2326=CARTESIAN_POINT('Origin',(15.991969851962,-6.05597716843841,0.));
#2327=CARTESIAN_POINT('',(16.2388695912099,-5.34778191375274,0.));
#2328=CARTESIAN_POINT('Origin',(6.3958587298125,-8.87586320007362,0.));
#2329=CARTESIAN_POINT('',(6.60700533016098,-8.15619861628386,10.));
#2330=CARTESIAN_POINT('',(7.14262165082267,-8.80625616160509,9.5));
#2331=CARTESIAN_POINT('Ctrl Pts',(6.60700533016098,-8.15619861628386,10.0000001341105));
#2332=CARTESIAN_POINT('Ctrl Pts',(6.6912950587467,-8.1809288726228,10.0000001341105));
#2333=CARTESIAN_POINT('Ctrl Pts',(6.77363704135277,-8.22219937371539,9.98208879578487));
#2334=CARTESIAN_POINT('Ctrl Pts',(6.9126063285627,-8.32544090168033,9.91724197496969));
#2335=CARTESIAN_POINT('Ctrl Pts',(6.96951887067551,-8.38724180301043,9.87064778799063));
#2336=CARTESIAN_POINT('Ctrl Pts',(7.07295038792374,-8.53572968950954,9.74981443427315));
#2337=CARTESIAN_POINT('Ctrl Pts',(7.11377386309278,-8.63590667240805,9.66059046981423));
#2338=CARTESIAN_POINT('Ctrl Pts',(7.13719901252508,-8.75977811683092,9.54435071054046));
#2339=CARTESIAN_POINT('Ctrl Pts',(7.14046113247897,-8.78307754311002,9.52223377207485));
#2340=CARTESIAN_POINT('Ctrl Pts',(7.14262165082267,-8.80625616160509,9.5));
#2341=CARTESIAN_POINT('',(5.80507790856169,-8.41382638201447,9.5));
#2342=CARTESIAN_POINT('Ctrl Pts',(5.80507790856169,-8.41382638201447,9.5));
#2343=CARTESIAN_POINT('Ctrl Pts',(5.81941897295464,-8.39548925936856,9.52223377207485));
#2344=CARTESIAN_POINT('Ctrl Pts',(5.83475228690198,-8.37764565617523,9.54435071054046));
#2345=CARTESIAN_POINT('Ctrl Pts',(5.92138984926824,-8.28606615433903,9.66059046981423));
#2346=CARTESIAN_POINT('Ctrl Pts',(6.00986608191504,-8.22382516877361,9.74981443427315));
#2347=CARTESIAN_POINT('Ctrl Pts',(6.17712750533423,-8.15475746696565,9.87064778799063));
#2348=CARTESIAN_POINT('Ctrl Pts',(6.25840845230613,-8.13350196145991,9.91724197496969));
#2349=CARTESIAN_POINT('Ctrl Pts',(6.43112844716989,-8.12170877451011,9.98208879578487));
#2350=CARTESIAN_POINT('Ctrl Pts',(6.52271560157526,-8.13146835994493,10.0000001341105));
#2351=CARTESIAN_POINT('Ctrl Pts',(6.60700533016098,-8.15619861628386,10.0000001341105));
#2352=CARTESIAN_POINT('',(5.80507790856169,-8.41382638201447,0.));
#2353=CARTESIAN_POINT('',(5.80507790856169,-8.41382638201447,0.));
#2354=CARTESIAN_POINT('',(7.14262165082267,-8.80625616160509,0.));
#2355=CARTESIAN_POINT('Origin',(6.3958587298125,-8.87586320007362,0.));
#2356=CARTESIAN_POINT('',(7.14262165082267,-8.8062561616051,0.));
#2357=CARTESIAN_POINT('Origin',(-0.155568454391439,-1.31835648488468,0.));
#2358=CARTESIAN_POINT('',(0.586774944676281,-1.21146271583998,10.));
#2359=CARTESIAN_POINT('',(0.217964863442168,-1.96872012198951,9.5));
#2360=CARTESIAN_POINT('Ctrl Pts',(0.586774944676281,-1.21146271583998,10.0000001341104));
#2361=CARTESIAN_POINT('Ctrl Pts',(0.599294730953432,-1.29840866959988,10.0000001341104));
#2362=CARTESIAN_POINT('Ctrl Pts',(0.595959858470198,-1.39045395728726,9.98208879578487));
#2363=CARTESIAN_POINT('Ctrl Pts',(0.559777989637177,-1.55975294798691,9.91724197496969));
#2364=CARTESIAN_POINT('Ctrl Pts',(0.527204236867332,-1.63719543945925,9.87064778799063));
#2365=CARTESIAN_POINT('Ctrl Pts',(0.43510190946765,-1.79296415417696,9.74981443427315));
#2366=CARTESIAN_POINT('Ctrl Pts',(0.360936405093213,-1.87171351600555,9.66059046981423));
#2367=CARTESIAN_POINT('Ctrl Pts',(0.257990134691383,-1.94447983912062,9.54435071054046));
#2368=CARTESIAN_POINT('Ctrl Pts',(0.238151364677569,-1.95712609927404,9.52223377207485));
#2369=CARTESIAN_POINT('Ctrl Pts',(0.217964863442168,-1.96872012198951,9.5));
#2370=CARTESIAN_POINT('',(0.0192957958057875,-0.589026316851741,9.5));
#2371=CARTESIAN_POINT('Ctrl Pts',(0.0192957958057874,-0.589026316851741,
9.5));
#2372=CARTESIAN_POINT('Ctrl Pts',(0.0419333227185024,-0.594453891828638,
9.52223377207485));
#2373=CARTESIAN_POINT('Ctrl Pts',(0.0645341239083645,-0.600989064137397,
9.54435071054046));
#2374=CARTESIAN_POINT('Ctrl Pts',(0.183828312994026,-0.641753862919279,
9.66059046981423));
#2375=CARTESIAN_POINT('Ctrl Pts',(0.277199060222061,-0.696378835135333,
9.74981443427315));
#2376=CARTESIAN_POINT('Ctrl Pts',(0.409508158016586,-0.819833417221394,
9.87064778799062));
#2377=CARTESIAN_POINT('Ctrl Pts',(0.462608171545176,-0.884939311103726,
9.91724197496969));
#2378=CARTESIAN_POINT('Ctrl Pts',(0.545086110633932,-1.03715187775918,9.98208879578487));
#2379=CARTESIAN_POINT('Ctrl Pts',(0.57425515839913,-1.12451676208008,10.0000001341104));
#2380=CARTESIAN_POINT('Ctrl Pts',(0.586774944676281,-1.21146271583998,10.0000001341104));
#2381=CARTESIAN_POINT('',(0.0192957958057875,-0.589026316851741,0.));
#2382=CARTESIAN_POINT('',(0.0192957958057872,-0.589026316851741,0.));
#2383=CARTESIAN_POINT('',(0.217964863442168,-1.96872012198951,0.));
#2384=CARTESIAN_POINT('Origin',(-0.155568454391439,-1.31835648488468,0.));
#2385=CARTESIAN_POINT('',(0.217964863442168,-1.96872012198951,0.));
#2386=CARTESIAN_POINT('Origin',(3.99742024994405,7.78053304745463,0.));
#2387=CARTESIAN_POINT('',(4.40303483514673,7.14967901657993,10.));
#2388=CARTESIAN_POINT('',(3.56100002510285,7.1705843714584,9.5));
#2389=CARTESIAN_POINT('Ctrl Pts',(4.40303483514673,7.14967901657993,10.0000001341104));
#2390=CARTESIAN_POINT('Ctrl Pts',(4.32914692091922,7.10217196389561,10.0000001341104));
#2391=CARTESIAN_POINT('Ctrl Pts',(4.24403422612118,7.06696847622537,9.98208879578487));
#2392=CARTESIAN_POINT('Ctrl Pts',(4.07500395588785,7.0295513193449,9.91724197496969));
#2393=CARTESIAN_POINT('Ctrl Pts',(3.99102816191423,7.02701067347124,9.87064778799062));
#2394=CARTESIAN_POINT('Ctrl Pts',(3.81107526559751,7.04608123467087,9.74981443427315));
#2395=CARTESIAN_POINT('Ctrl Pts',(3.70863286250047,7.08083088323354,9.66059046981423));
#2396=CARTESIAN_POINT('Ctrl Pts',(3.59967686055323,7.14424588153052,9.54435071054046));
#2397=CARTESIAN_POINT('Ctrl Pts',(3.57993209479288,7.15703841515751,9.52223377207485));
#2398=CARTESIAN_POINT('Ctrl Pts',(3.56100002510285,7.1705843714584,9.5));
#2399=CARTESIAN_POINT('',(4.73348354073335,7.92444563186763,9.5));
#2400=CARTESIAN_POINT('Ctrl Pts',(4.73348354073335,7.92444563186763,9.5));
#2401=CARTESIAN_POINT('Ctrl Pts',(4.73795041341395,7.90159911696253,9.52223377207485));
#2402=CARTESIAN_POINT('Ctrl Pts',(4.74139452370689,7.87832589638997,9.54435071054046));
#2403=CARTESIAN_POINT('Ctrl Pts',(4.75387015556077,7.75287777572179,9.66059046981423));
#2404=CARTESIAN_POINT('Ctrl Pts',(4.74296914326143,7.64525272306965,9.74981443427315));
#2405=CARTESIAN_POINT('Ctrl Pts',(4.6856340910034,7.47361524761684,9.87064778799062));
#2406=CARTESIAN_POINT('Ctrl Pts',(4.64847022965226,7.39826781060384,9.91724197496969));
#2407=CARTESIAN_POINT('Ctrl Pts',(4.54427538306635,7.26001185294158,9.98208879578487));
#2408=CARTESIAN_POINT('Ctrl Pts',(4.47692274937424,7.19718606926426,10.0000001341104));
#2409=CARTESIAN_POINT('Ctrl Pts',(4.40303483514673,7.14967901657993,10.0000001341104));
#2410=CARTESIAN_POINT('',(4.73348354073335,7.92444563186763,0.));
#2411=CARTESIAN_POINT('',(4.73348354073335,7.92444563186763,0.));
#2412=CARTESIAN_POINT('',(3.56100002510285,7.1705843714584,0.));
#2413=CARTESIAN_POINT('Origin',(3.99742024994405,7.78053304745463,0.));
#2414=CARTESIAN_POINT('',(3.56100002510285,7.1705843714584,0.));
#2415=CARTESIAN_POINT('Origin',(6.3920893543562,8.87475641157782,0.));
#2416=CARTESIAN_POINT('',(6.60354157974168,8.15518156739583,10.));
#2417=CARTESIAN_POINT('',(5.80150481504734,8.41246872849579,9.5));
#2418=CARTESIAN_POINT('Ctrl Pts',(6.60354157974168,8.15518156739583,10.0000001341105));
#2419=CARTESIAN_POINT('Ctrl Pts',(6.51926236178459,8.13041551514308,10.0000001341105));
#2420=CARTESIAN_POINT('Ctrl Pts',(6.42767936056941,8.12061703320188,9.98208879578487));
#2421=CARTESIAN_POINT('Ctrl Pts',(6.2549543726747,8.13233686429888,9.91724197496969));
#2422=CARTESIAN_POINT('Ctrl Pts',(6.1736644057453,8.15355784758363,9.87064778799063));
#2423=CARTESIAN_POINT('Ctrl Pts',(6.006373664115,8.22255450664789,9.74981443427315));
#2424=CARTESIAN_POINT('Ctrl Pts',(5.91787100548211,8.28475791043286,9.66059046981423));
#2425=CARTESIAN_POINT('Ctrl Pts',(5.83119455679291,8.3763006087324,9.54435071054046));
#2426=CARTESIAN_POINT('Ctrl Pts',(5.81585366598739,8.39413769820412,9.52223377207485));
#2427=CARTESIAN_POINT('Ctrl Pts',(5.80150481504734,8.41246872849579,9.5));
#2428=CARTESIAN_POINT('Ctrl Pts',(7.13888177037243,8.8054665322256,9.5));
#2429=CARTESIAN_POINT('Ctrl Pts',(7.13673109626437,8.78228699824119,9.52223377207485));
#2430=CARTESIAN_POINT('Ctrl Pts',(7.13347887195295,8.75898618862957,9.54435071054046));
#2431=CARTESIAN_POINT('Ctrl Pts',(7.11010633327135,8.63510480663489,9.66059046981423));
#2432=CARTESIAN_POINT('Ctrl Pts',(7.06932540730097,8.53491049489753,9.74981443427315));
#2433=CARTESIAN_POINT('Ctrl Pts',(6.96595696270844,8.38637869406091,9.87064778799063));
#2434=CARTESIAN_POINT('Ctrl Pts',(6.90907067278852,8.32455362734765,9.91724197496969));
#2435=CARTESIAN_POINT('Ctrl Pts',(6.77014524515175,8.22125308794871,9.98208879578487));
#2436=CARTESIAN_POINT('Ctrl Pts',(6.68782079769876,8.17994761964858,10.0000001341105));
#2437=CARTESIAN_POINT('Ctrl Pts',(6.60354157974168,8.15518156739583,10.0000001341105));
#2438=CARTESIAN_POINT('',(5.80150481504734,8.41246872849579,0.));
#2439=CARTESIAN_POINT('Origin',(6.3920893543562,8.87475641157782,0.));
#2440=CARTESIAN_POINT('',(5.80150481504735,8.41246872849579,0.));
#2441=CARTESIAN_POINT('Origin',(-0.156127539317757,1.31446796380975,0.));
#2442=CARTESIAN_POINT('',(0.586261190960205,1.20788948025761,10.));
#2443=CARTESIAN_POINT('',(0.0190464441962665,0.585212127014582,9.5));
#2444=CARTESIAN_POINT('Ctrl Pts',(0.586261190960205,1.20788948025761,10.0000001341104));
#2445=CARTESIAN_POINT('Ctrl Pts',(0.573778332064494,1.12093821714181,10.0000001341104));
#2446=CARTESIAN_POINT('Ctrl Pts',(0.54464639110356,1.03356095250288,9.98208879578487));
#2447=CARTESIAN_POINT('Ctrl Pts',(0.462233104665548,0.88131337090417,9.91724197496969));
#2448=CARTESIAN_POINT('Ctrl Pts',(0.409160746627954,0.81618493113103,9.87064778799062));
#2449=CARTESIAN_POINT('Ctrl Pts',(0.276904092361093,0.692674168039787,9.74981443427315));
#2450=CARTESIAN_POINT('Ctrl Pts',(0.183556552971645,0.638009545865466,9.66059046981423));
#2451=CARTESIAN_POINT('Ctrl Pts',(0.0642796875981135,0.597194086098394,
9.54435071054046));
#2452=CARTESIAN_POINT('Ctrl Pts',(0.0416816639572013,0.590649315739274,
9.52223377207485));
#2453=CARTESIAN_POINT('Ctrl Pts',(0.0190464441962664,0.585212127014582,
9.5));
#2454=CARTESIAN_POINT('',(0.217129533104361,1.96499018317422,9.5));
#2455=CARTESIAN_POINT('Ctrl Pts',(0.217129533104361,1.96499018317422,9.5));
#2456=CARTESIAN_POINT('Ctrl Pts',(0.23732095654143,1.95340473478244,9.52223377207485));
#2457=CARTESIAN_POINT('Ctrl Pts',(0.257165095677215,1.94076690136494,9.54435071054046));
#2458=CARTESIAN_POINT('Ctrl Pts',(0.360142260908001,1.86804430645548,9.66059046981423));
#2459=CARTESIAN_POINT('Ctrl Pts',(0.434341203724613,1.78932645007954,9.74981443427315));
#2460=CARTESIAN_POINT('Ctrl Pts',(0.526509678338837,1.63359686559242,9.87064778799062));
#2461=CARTESIAN_POINT('Ctrl Pts',(0.559116318269438,1.55616821529171,9.91724197496969));
#2462=CARTESIAN_POINT('Ctrl Pts',(0.595370085716066,1.38688460642748,9.98208879578487));
#2463=CARTESIAN_POINT('Ctrl Pts',(0.598744049855915,1.29484074337341,10.0000001341104));
#2464=CARTESIAN_POINT('Ctrl Pts',(0.586261190960205,1.20788948025761,10.0000001341104));
#2465=CARTESIAN_POINT('',(0.217129533104361,1.96499018317422,0.));
#2466=CARTESIAN_POINT('',(0.217129533104361,1.96499018317422,0.));
#2467=CARTESIAN_POINT('',(0.0190464441962665,0.585212127014582,0.));
#2468=CARTESIAN_POINT('Origin',(-0.156127539317757,1.31446796380975,0.));
#2469=CARTESIAN_POINT('',(0.0190464441962675,0.585212127014582,0.));
#2470=CARTESIAN_POINT('Origin',(4.00072512085648,-7.78265695902463,0.));
#2471=CARTESIAN_POINT('',(4.40607174355275,-7.15163071910372,10.));
#2472=CARTESIAN_POINT('',(4.73684946544347,-7.92625692179054,9.5));
#2473=CARTESIAN_POINT('Ctrl Pts',(4.40607174355275,-7.15163071910372,10.0000001341104));
#2474=CARTESIAN_POINT('Ctrl Pts',(4.47997982752891,-7.19910638704653,10.0000001341104));
#2475=CARTESIAN_POINT('Ctrl Pts',(4.54735913747798,-7.26190356015742,9.98208879578487));
#2476=CARTESIAN_POINT('Ctrl Pts',(4.65161269245834,-7.40011525343309,9.91724197496969));
#2477=CARTESIAN_POINT('Ctrl Pts',(4.68880855077928,-7.47544690002815,9.87064778799063));
#2478=CARTESIAN_POINT('Ctrl Pts',(4.74621649290587,-7.64706000960325,9.74981443427315));
#2479=CARTESIAN_POINT('Ctrl Pts',(4.75716321296044,-7.7546804228508,9.66059046981423));
#2480=CARTESIAN_POINT('Ctrl Pts',(4.74474086048971,-7.88013383064997,9.54435071054046));
#2481=CARTESIAN_POINT('Ctrl Pts',(4.741306634726,-7.90340851184935,9.52223377207485));
#2482=CARTESIAN_POINT('Ctrl Pts',(4.73684946544347,-7.92625692179054,9.5));
#2483=CARTESIAN_POINT('',(3.56404588802681,-7.17289368724181,9.5));
#2484=CARTESIAN_POINT('Ctrl Pts',(3.56404588802681,-7.17289368724181,9.5));
#2485=CARTESIAN_POINT('Ctrl Pts',(3.58297220299414,-7.15933969164601,9.52223377207485));
#2486=CARTESIAN_POINT('Ctrl Pts',(3.60271153393976,-7.14653877350128,9.54435071054046));
#2487=CARTESIAN_POINT('Ctrl Pts',(3.71164059348785,-7.08307750692629,9.66059046981423));
#2488=CARTESIAN_POINT('Ctrl Pts',(3.81406822904802,-7.0482843538487,9.74981443427315));
#2489=CARTESIAN_POINT('Ctrl Pts',(3.99401300980101,-7.02913736774108,9.87064778799062));
#2490=CARTESIAN_POINT('Ctrl Pts',(4.07798987522237,-7.03164234857059,9.91724197496969));
#2491=CARTESIAN_POINT('Ctrl Pts',(4.24703602140956,-7.06898771432634,9.98208879578487));
#2492=CARTESIAN_POINT('Ctrl Pts',(4.33216365957659,-7.1041550511609,10.0000001341104));
#2493=CARTESIAN_POINT('Ctrl Pts',(4.40607174355275,-7.15163071910372,10.0000001341104));
#2494=CARTESIAN_POINT('',(3.56404588802681,-7.17289368724181,0.));
#2495=CARTESIAN_POINT('',(3.56404588802681,-7.17289368724181,0.));
#2496=CARTESIAN_POINT('',(4.73684946544347,-7.92625692179054,0.));
#2497=CARTESIAN_POINT('Origin',(4.00072512085648,-7.78265695902463,0.));
#2498=CARTESIAN_POINT('',(4.73684946544347,-7.92625692179054,0.));
#2499=CARTESIAN_POINT('Origin',(14.0025800182769,-7.78053304745463,0.));
#2500=CARTESIAN_POINT('',(13.5969654330742,-7.14967901657993,10.));
#2501=CARTESIAN_POINT('',(14.4390002431181,-7.1705843714584,9.5));
#2502=CARTESIAN_POINT('Ctrl Pts',(13.5969654330742,-7.14967901657993,10.0000001341105));
#2503=CARTESIAN_POINT('Ctrl Pts',(13.6708533473017,-7.10217196389561,10.0000001341105));
#2504=CARTESIAN_POINT('Ctrl Pts',(13.7559660420997,-7.06696847622537,9.98208879578487));
#2505=CARTESIAN_POINT('Ctrl Pts',(13.924996312333,-7.0295513193449,9.91724197496969));
#2506=CARTESIAN_POINT('Ctrl Pts',(14.0089721063067,-7.02701067347124,9.87064778799063));
#2507=CARTESIAN_POINT('Ctrl Pts',(14.1889250026234,-7.04608123467086,9.74981443427315));
#2508=CARTESIAN_POINT('Ctrl Pts',(14.2913674057204,-7.08083088323354,9.66059046981423));
#2509=CARTESIAN_POINT('Ctrl Pts',(14.4003234076677,-7.14424588153052,9.54435071054046));
#2510=CARTESIAN_POINT('Ctrl Pts',(14.420068173428,-7.15703841515751,9.52223377207485));
#2511=CARTESIAN_POINT('Ctrl Pts',(14.4390002431181,-7.1705843714584,9.5));
#2512=CARTESIAN_POINT('',(13.2665167274876,-7.92444563186763,9.5));
#2513=CARTESIAN_POINT('Ctrl Pts',(13.2665167274876,-7.92444563186763,9.5));
#2514=CARTESIAN_POINT('Ctrl Pts',(13.2620498548069,-7.90159911696253,9.52223377207485));
#2515=CARTESIAN_POINT('Ctrl Pts',(13.258605744514,-7.87832589638997,9.54435071054046));
#2516=CARTESIAN_POINT('Ctrl Pts',(13.2461301126601,-7.75287777572178,9.66059046981423));
#2517=CARTESIAN_POINT('Ctrl Pts',(13.2570311249595,-7.64525272306965,9.74981443427315));
#2518=CARTESIAN_POINT('Ctrl Pts',(13.3143661772175,-7.47361524761683,9.87064778799063));
#2519=CARTESIAN_POINT('Ctrl Pts',(13.3515300385686,-7.39826781060384,9.91724197496969));
#2520=CARTESIAN_POINT('Ctrl Pts',(13.4557248851546,-7.26001185294158,9.98208879578487));
#2521=CARTESIAN_POINT('Ctrl Pts',(13.5230775188467,-7.19718606926426,10.0000001341105));
#2522=CARTESIAN_POINT('Ctrl Pts',(13.5969654330742,-7.14967901657993,10.0000001341105));
#2523=CARTESIAN_POINT('',(13.2665167274876,-7.92444563186763,0.));
#2524=CARTESIAN_POINT('',(13.2665167274876,-7.92444563186763,0.));
#2525=CARTESIAN_POINT('',(14.4390002431181,-7.1705843714584,0.));
#2526=CARTESIAN_POINT('Origin',(14.0025800182769,-7.78053304745463,0.));
#2527=CARTESIAN_POINT('',(14.4390002431181,-7.1705843714584,0.));
#2528=CARTESIAN_POINT('Origin',(18.1555687226123,1.31835648488468,0.));
#2529=CARTESIAN_POINT('',(17.4132253235446,1.21146271583998,10.));
#2530=CARTESIAN_POINT('',(17.7820354047787,1.96872012198951,9.5));
#2531=CARTESIAN_POINT('Ctrl Pts',(17.4132253235446,1.21146271583998,10.0000001341104));
#2532=CARTESIAN_POINT('Ctrl Pts',(17.4007055372675,1.29840866959987,10.0000001341104));
#2533=CARTESIAN_POINT('Ctrl Pts',(17.4040404097507,1.39045395728726,9.98208879578487));
#2534=CARTESIAN_POINT('Ctrl Pts',(17.4402222785837,1.55975294798691,9.91724197496969));
#2535=CARTESIAN_POINT('Ctrl Pts',(17.4727960313536,1.63719543945925,9.87064778799062));
#2536=CARTESIAN_POINT('Ctrl Pts',(17.5648983587533,1.79296415417695,9.74981443427315));
#2537=CARTESIAN_POINT('Ctrl Pts',(17.6390638631277,1.87171351600555,9.66059046981423));
#2538=CARTESIAN_POINT('Ctrl Pts',(17.7420101335295,1.94447983912062,9.54435071054046));
#2539=CARTESIAN_POINT('Ctrl Pts',(17.7618489035433,1.95712609927403,9.52223377207485));
#2540=CARTESIAN_POINT('Ctrl Pts',(17.7820354047787,1.96872012198951,9.5));
#2541=CARTESIAN_POINT('',(17.9807044724151,0.589026316851738,9.5));
#2542=CARTESIAN_POINT('Ctrl Pts',(17.9807044724151,0.589026316851738,9.5));
#2543=CARTESIAN_POINT('Ctrl Pts',(17.9580669455024,0.594453891828634,9.52223377207485));
#2544=CARTESIAN_POINT('Ctrl Pts',(17.9354661443125,0.600989064137394,9.54435071054046));
#2545=CARTESIAN_POINT('Ctrl Pts',(17.8161719552269,0.641753862919276,9.66059046981423));
#2546=CARTESIAN_POINT('Ctrl Pts',(17.7228012079988,0.69637883513533,9.74981443427315));
#2547=CARTESIAN_POINT('Ctrl Pts',(17.5904921102043,0.819833417221391,9.87064778799062));
#2548=CARTESIAN_POINT('Ctrl Pts',(17.5373920966757,0.884939311103725,9.91724197496969));
#2549=CARTESIAN_POINT('Ctrl Pts',(17.454914157587,1.03715187775918,9.98208879578487));
#2550=CARTESIAN_POINT('Ctrl Pts',(17.4257451098218,1.12451676208008,10.0000001341104));
#2551=CARTESIAN_POINT('Ctrl Pts',(17.4132253235446,1.21146271583998,10.0000001341104));
#2552=CARTESIAN_POINT('',(17.9807044724151,0.589026316851738,0.));
#2553=CARTESIAN_POINT('',(17.9807044724151,0.589026316851738,0.));
#2554=CARTESIAN_POINT('',(17.7820354047787,1.96872012198951,0.));
#2555=CARTESIAN_POINT('Origin',(18.1555687226123,1.31835648488468,0.));
#2556=CARTESIAN_POINT('',(17.7820354047787,1.9687201219895,0.));
#2557=CARTESIAN_POINT('Origin',(11.6041415384084,8.87586320007362,0.));
#2558=CARTESIAN_POINT('',(11.3929949380599,8.15619861628387,10.));
#2559=CARTESIAN_POINT('Ctrl Pts',(11.3929949380599,8.15619861628387,10.0000001341104));
#2560=CARTESIAN_POINT('Ctrl Pts',(11.3087052094742,8.1809288726228,10.0000001341104));
#2561=CARTESIAN_POINT('Ctrl Pts',(11.2263632268681,8.22219937371539,9.98208879578487));
#2562=CARTESIAN_POINT('Ctrl Pts',(11.0873939396582,8.32544090168033,9.91724197496969));
#2563=CARTESIAN_POINT('Ctrl Pts',(11.0304813975454,8.38724180301043,9.87064778799062));
#2564=CARTESIAN_POINT('Ctrl Pts',(10.9270498802972,8.53572968950954,9.74981443427315));
#2565=CARTESIAN_POINT('Ctrl Pts',(10.8862264051281,8.63590667240805,9.66059046981423));
#2566=CARTESIAN_POINT('Ctrl Pts',(10.8628012556958,8.75977811683092,9.54435071054046));
#2567=CARTESIAN_POINT('Ctrl Pts',(10.8595391357419,8.78307754311002,9.52223377207485));
#2568=CARTESIAN_POINT('Ctrl Pts',(10.8573786173982,8.80625616160509,9.5));
#2569=CARTESIAN_POINT('',(12.1949223596592,8.41382638201447,9.5));
#2570=CARTESIAN_POINT('Ctrl Pts',(12.1949223596592,8.41382638201447,9.5));
#2571=CARTESIAN_POINT('Ctrl Pts',(12.1805812952663,8.39548925936856,9.52223377207485));
#2572=CARTESIAN_POINT('Ctrl Pts',(12.1652479813189,8.37764565617523,9.54435071054046));
#2573=CARTESIAN_POINT('Ctrl Pts',(12.0786104189527,8.28606615433904,9.66059046981423));
#2574=CARTESIAN_POINT('Ctrl Pts',(11.9901341863059,8.22382516877362,9.74981443427315));
#2575=CARTESIAN_POINT('Ctrl Pts',(11.8228727628867,8.15475746696565,9.87064778799062));
#2576=CARTESIAN_POINT('Ctrl Pts',(11.7415918159148,8.13350196145992,9.91724197496969));
#2577=CARTESIAN_POINT('Ctrl Pts',(11.568871821051,8.12170877451011,9.98208879578487));
#2578=CARTESIAN_POINT('Ctrl Pts',(11.4772846666456,8.13146835994493,10.0000001341104));
#2579=CARTESIAN_POINT('Ctrl Pts',(11.3929949380599,8.15619861628387,10.0000001341104));
#2580=CARTESIAN_POINT('',(12.1949223596592,8.41382638201447,0.));
#2581=CARTESIAN_POINT('',(12.1949223596592,8.41382638201447,0.));
#2582=CARTESIAN_POINT('Origin',(11.6041415384084,8.87586320007362,0.));
#2583=CARTESIAN_POINT('Origin',(9.00000013411045,0.,9.75));
#2584=CARTESIAN_POINT('Origin',(9.00000013411045,0.,10.));
#2585=CARTESIAN_POINT('Origin',(9.00000013411045,0.,9.5));
#2586=CARTESIAN_POINT('Origin',(9.00000013411045,0.,9.75));
#2587=CARTESIAN_POINT('Origin',(9.00000013411045,0.,10.));
#2588=CARTESIAN_POINT('Origin',(9.00000013411045,0.,9.5));
#2589=CARTESIAN_POINT('Origin',(9.00000013411045,0.,9.75));
#2590=CARTESIAN_POINT('Origin',(9.00000013411045,0.,10.));
#2591=CARTESIAN_POINT('Origin',(9.00000013411045,0.,9.5));
#2592=CARTESIAN_POINT('Origin',(9.00000013411045,0.,9.75));
#2593=CARTESIAN_POINT('Origin',(9.00000013411045,0.,10.));
#2594=CARTESIAN_POINT('Origin',(9.00000013411045,0.,9.5));
#2595=CARTESIAN_POINT('Origin',(9.00000013411045,0.,9.75));
#2596=CARTESIAN_POINT('Origin',(9.00000013411045,0.,10.));
#2597=CARTESIAN_POINT('Origin',(9.00000013411045,0.,9.5));
#2598=CARTESIAN_POINT('Origin',(9.00000013411045,0.,9.75));
#2599=CARTESIAN_POINT('Origin',(9.00000013411045,0.,10.));
#2600=CARTESIAN_POINT('Origin',(9.00000013411045,0.,9.5));
#2601=CARTESIAN_POINT('Origin',(9.00000013411045,0.,9.75));
#2602=CARTESIAN_POINT('Origin',(9.00000013411045,0.,10.));
#2603=CARTESIAN_POINT('Origin',(9.00000013411045,0.,9.5));
#2604=CARTESIAN_POINT('Origin',(9.00000013411045,0.,9.75));
#2605=CARTESIAN_POINT('Origin',(9.00000013411045,0.,9.5));
#2606=CARTESIAN_POINT('Origin',(9.00000013411045,0.,10.));
#2607=CARTESIAN_POINT('Origin',(9.00000013411045,0.,9.75));
#2608=CARTESIAN_POINT('Origin',(9.00000013411045,0.,9.5));
#2609=CARTESIAN_POINT('Origin',(9.00000013411045,0.,10.));
#2610=CARTESIAN_POINT('Origin',(9.00000013411045,0.,9.75));
#2611=CARTESIAN_POINT('Origin',(9.00000013411045,0.,9.5));
#2612=CARTESIAN_POINT('Origin',(9.00000013411045,0.,10.));
#2613=CARTESIAN_POINT('Origin',(9.00000013411045,0.,9.75));
#2614=CARTESIAN_POINT('Origin',(9.00000013411045,0.,9.5));
#2615=CARTESIAN_POINT('Origin',(9.00000013411045,0.,10.));
#2616=CARTESIAN_POINT('Origin',(9.00000013411045,0.,9.75));
#2617=CARTESIAN_POINT('Origin',(9.00000013411045,0.,9.5));
#2618=CARTESIAN_POINT('Origin',(9.00000013411045,0.,10.));
#2619=CARTESIAN_POINT('Origin',(9.00000013411045,0.,9.75));
#2620=CARTESIAN_POINT('Origin',(9.00000013411045,0.,10.));
#2621=CARTESIAN_POINT('Origin',(9.00000013411045,0.,9.75));
#2622=CARTESIAN_POINT('Origin',(9.00000013411045,0.,10.));
#2623=CARTESIAN_POINT('Origin',(9.00000013411045,0.,9.75));
#2624=CARTESIAN_POINT('Origin',(9.00000013411045,0.,9.5));
#2625=CARTESIAN_POINT('Origin',(9.00000013411045,0.,10.));
#2626=CARTESIAN_POINT('Origin',(9.00000013411045,0.,9.75));
#2627=CARTESIAN_POINT('Origin',(9.00000013411045,0.,9.5));
#2628=CARTESIAN_POINT('Origin',(9.00000013411045,0.,10.));
#2629=CARTESIAN_POINT('Origin',(9.00000013411045,0.,9.75));
#2630=CARTESIAN_POINT('Origin',(9.00000013411045,0.,9.5));
#2631=CARTESIAN_POINT('Origin',(9.00000013411045,0.,10.));
#2632=CARTESIAN_POINT('Origin',(9.00000013411045,0.,9.75));
#2633=CARTESIAN_POINT('Origin',(9.00000013411045,0.,10.));
#2634=CARTESIAN_POINT('Origin',(9.00000013411045,0.,9.5));
#2635=CARTESIAN_POINT('Origin',(9.00000013411045,0.,9.75));
#2636=CARTESIAN_POINT('Origin',(9.00000013411045,0.,9.5));
#2637=CARTESIAN_POINT('Origin',(9.00000013411045,0.,10.));
#2638=CARTESIAN_POINT('Origin',(9.00000013411045,0.,9.75));
#2639=CARTESIAN_POINT('Origin',(9.00000013411045,0.,10.));
#2640=CARTESIAN_POINT('Origin',(9.00000013411045,0.,9.5));
#2641=CARTESIAN_POINT('Origin',(9.00000013411045,0.,9.75));
#2642=CARTESIAN_POINT('Origin',(9.00000013411045,0.,9.5));
#2643=CARTESIAN_POINT('Origin',(9.00000013411045,0.,10.));
#2644=CARTESIAN_POINT('Origin',(9.00000013411045,0.,0.));
#2645=CARTESIAN_POINT('Origin',(9.00000013411045,0.,0.));
#2646=CARTESIAN_POINT('Origin',(9.00000013411045,0.,0.));
#2647=CARTESIAN_POINT('Origin',(9.00000013411045,0.,0.));
#2648=CARTESIAN_POINT('Origin',(9.00000013411045,0.,0.));
#2649=CARTESIAN_POINT('Origin',(9.00000013411045,0.,0.));
#2650=CARTESIAN_POINT('Origin',(9.00000013411045,0.,0.));
#2651=CARTESIAN_POINT('Origin',(9.00000013411045,0.,0.));
#2652=CARTESIAN_POINT('Origin',(9.00000013411045,0.,0.));
#2653=CARTESIAN_POINT('Origin',(9.00000013411045,0.,0.));
#2654=CARTESIAN_POINT('Origin',(9.00000013411045,0.,0.));
#2655=CARTESIAN_POINT('Origin',(9.00000013411045,0.,0.));
#2656=CARTESIAN_POINT('Origin',(9.00000013411045,0.,0.));
#2657=CARTESIAN_POINT('Origin',(9.00000013411045,0.,0.));
#2658=CARTESIAN_POINT('Origin',(9.00000013411045,0.,0.));
#2659=CARTESIAN_POINT('Origin',(9.00000013411045,0.,0.));
#2660=CARTESIAN_POINT('Origin',(9.00000013411045,0.,0.));
#2661=CARTESIAN_POINT('Origin',(9.00000013411045,0.,0.));
#2662=CARTESIAN_POINT('Origin',(9.00000013411045,0.,0.));
#2663=CARTESIAN_POINT('Origin',(9.00000013411045,0.,0.));
#2664=CARTESIAN_POINT('Origin',(9.00000013411045,0.,0.));
#2665=CARTESIAN_POINT('Origin',(9.00000013411045,0.,0.));
#2666=CARTESIAN_POINT('Origin',(9.00000013411045,0.,0.));
#2667=CARTESIAN_POINT('Origin',(9.00000013411045,0.,0.));
#2668=CARTESIAN_POINT('Origin',(9.00000013411045,0.,0.));
#2669=CARTESIAN_POINT('Origin',(9.00000013411045,0.,0.));
#2670=CARTESIAN_POINT('Origin',(9.00000013411045,0.,0.));
#2671=CARTESIAN_POINT('Origin',(9.00000013411045,0.,0.));
#2672=CARTESIAN_POINT('Origin',(9.00000013411045,0.,0.));
#2673=CARTESIAN_POINT('Origin',(9.00000013411045,0.,0.));
#2674=CARTESIAN_POINT('Origin',(9.00000013411045,0.,0.));
#2675=CARTESIAN_POINT('Origin',(9.00000013411045,0.,0.));
#2676=CARTESIAN_POINT('Origin',(9.00000013411045,0.,0.));
#2677=CARTESIAN_POINT('Origin',(9.00000013411045,0.,0.));
#2678=CARTESIAN_POINT('Origin',(9.00000013411045,0.,0.));
#2679=CARTESIAN_POINT('Origin',(9.00000013411045,0.,0.));
#2680=CARTESIAN_POINT('Origin',(9.00000013411045,0.,0.));
#2681=CARTESIAN_POINT('Origin',(9.00000013411045,0.,9.5));
#2682=CARTESIAN_POINT('Origin',(9.00000013411045,0.,0.));
#2683=CARTESIAN_POINT('Origin',(9.00000013411045,0.,0.));
#2684=CARTESIAN_POINT('Origin',(9.00000013411045,0.,0.));
#2685=CARTESIAN_POINT('Origin',(9.00000013411045,0.,0.));
#2686=CARTESIAN_POINT('Origin',(9.00000013411045,0.,9.75));
#2687=CARTESIAN_POINT('Origin',(9.00000013411045,0.,10.));
#2688=CARTESIAN_POINT('Origin',(9.00000013411045,0.,10.));
#2689=UNCERTAINTY_MEASURE_WITH_UNIT(LENGTH_MEASURE(0.01),#2693,
'DISTANCE_ACCURACY_VALUE',
'Maximum model space distance between geometric entities at asserted c
onnectivities');
#2690=UNCERTAINTY_MEASURE_WITH_UNIT(LENGTH_MEASURE(0.01),#2693,
'DISTANCE_ACCURACY_VALUE',
'Maximum model space distance between geometric entities at asserted c
onnectivities');
#2691=(
GEOMETRIC_REPRESENTATION_CONTEXT(3)
GLOBAL_UNCERTAINTY_ASSIGNED_CONTEXT((#2689))
GLOBAL_UNIT_ASSIGNED_CONTEXT((#2693,#2695,#2696))
REPRESENTATION_CONTEXT('','3D')
);
#2692=(
GEOMETRIC_REPRESENTATION_CONTEXT(3)
GLOBAL_UNCERTAINTY_ASSIGNED_CONTEXT((#2690))
GLOBAL_UNIT_ASSIGNED_CONTEXT((#2693,#2695,#2696))
REPRESENTATION_CONTEXT('','3D')
);
#2693=(
LENGTH_UNIT()
NAMED_UNIT(*)
SI_UNIT(.MILLI.,.METRE.)
);
#2694=(
LENGTH_UNIT()
NAMED_UNIT(*)
SI_UNIT($,.METRE.)
);
#2695=(
NAMED_UNIT(*)
PLANE_ANGLE_UNIT()
SI_UNIT($,.RADIAN.)
);
#2696=(
NAMED_UNIT(*)
SI_UNIT($,.STERADIAN.)
SOLID_ANGLE_UNIT()
);
#2697=SHAPE_DEFINITION_REPRESENTATION(#2698,#2699);
#2698=PRODUCT_DEFINITION_SHAPE('',$,#2701);
#2699=SHAPE_REPRESENTATION('',(#1263),#2691);
#2700=PRODUCT_DEFINITION_CONTEXT('part definition',#2705,'design');
#2701=PRODUCT_DEFINITION('FusionComponent','FusionComponent',#2702,#2700);
#2702=PRODUCT_DEFINITION_FORMATION('',$,#2707);
#2703=PRODUCT_RELATED_PRODUCT_CATEGORY('FusionComponent',
'FusionComponent',(#2707));
#2704=APPLICATION_PROTOCOL_DEFINITION('international standard',
'automotive_design',2009,#2705);
#2705=APPLICATION_CONTEXT(
'Core Data for Automotive Mechanical Design Process');
#2706=PRODUCT_CONTEXT('part definition',#2705,'mechanical');
#2707=PRODUCT('FusionComponent','FusionComponent',$,(#2706));
#2708=PRESENTATION_STYLE_ASSIGNMENT((#2709));
#2709=SURFACE_STYLE_USAGE(.BOTH.,#2710);
#2710=SURFACE_SIDE_STYLE('',(#2711));
#2711=SURFACE_STYLE_FILL_AREA(#2712);
#2712=FILL_AREA_STYLE('Steel - Satin',(#2713));
#2713=FILL_AREA_STYLE_COLOUR('Steel - Satin',#2714);
#2714=COLOUR_RGB('Steel - Satin',0.627450980392157,0.627450980392157,0.627450980392157);
ENDSEC;
END-ISO-10303-21;
